Id,IndicatorCode,SpatialDimType,SpatialDim,TimeDimType,ParentLocationCode,ParentLocation,Dim1Type,Dim1,TimeDim,Dim2Type,Dim2,Dim3Type,Dim3,DataSourceDimType,DataSourceDim,Value,NumericValue,Low,High,Comments,Date,TimeDimensionValue,TimeDimensionBegin,TimeDimensionEnd
66048,HIV_0000000007,COUNTRY,MRT,YEAR,AFR,Africa,,,2014,,,,,,,10,10.0,,,,2016-03-21T10:38:38+01:00,2014,2014-01-01T00:00:00+01:00,2014-12-31T00:00:00+01:00
118729,HIV_0000000007,COUNTRY,NIC,YEAR,AMR,Americas,,,2014,,,,,,, 1 208,1208.0,,,,2016-03-21T10:38:46+01:00,2014,2014-01-01T00:00:00+01:00,2014-12-31T00:00:00+01:00
154801,HIV_0000000007,COUNTRY,TUV,YEAR,WPR,Western Pacific,,,2014,,,,,,,8,8.0,,,Public sector only: ANC clinics and Central Hospital.,2016-03-21T10:38:37+01:00,2014,2014-01-01T00:00:00+01:00,2014-12-31T00:00:00+01:00
178124,HIV_0000000007,COUNTRY,TZA,YEAR,AFR,Africa,,,2014,,,,,,, 4 391,4391.0,,,,2016-03-21T10:38:48+01:00,2014,2014-01-01T00:00:00+01:00,2014-12-31T00:00:00+01:00
240457,HIV_0000000007,COUNTRY,SLE,YEAR,AFR,Africa,,,2014,,,,,,,689,689.0,,,,2016-03-21T10:38:44+01:00,2014,2014-01-01T00:00:00+01:00,2014-12-31T00:00:00+01:00
287254,HIV_0000000007,COUNTRY,VEN,YEAR,AMR,Americas,,,2014,,,,,,,No data,,,,,2016-03-21T10:38:50+01:00,2014,2014-01-01T00:00:00+01:00,2014-12-31T00:00:00+01:00
446890,HIV_0000000007,COUNTRY,MNG,YEAR,WPR,Western Pacific,,,2014,,,,,,,89,89.0,,,,2016-03-21T10:38:40+01:00,2014,2014-01-01T00:00:00+01:00,2014-12-31T00:00:00+01:00
448056,HIV_0000000007,COUNTRY,ATG,YEAR,AMR,Americas,,,2014,,,,,,,11,11.0,,,,2016-03-21T10:38:38+01:00,2014,2014-01-01T00:00:00+01:00,2014-12-31T00:00:00+01:00
494461,HIV_0000000007,COUNTRY,GIN,YEAR,AFR,Africa,,,2014,,,,,,,56,56.0,,,,2016-03-21T10:38:40+01:00,2014,2014-01-01T00:00:00+01:00,2014-12-31T00:00:00+01:00
525178,HIV_0000000007,COUNTRY,BWA,YEAR,AFR,Africa,,,2014,,,,,,,668,668.0,,,Include public sector and civil society only.,2016-03-21T10:38:44+01:00,2014,2014-01-01T00:00:00+01:00,2014-12-31T00:00:00+01:00
575187,HIV_0000000007,COUNTRY,AFG,YEAR,EMR,Eastern Mediterranean,,,2014,,,,,,,440,440.0,,,Public sector only.,2016-03-21T10:38:44+01:00,2014,2014-01-01T00:00:00+01:00,2014-12-31T00:00:00+01:00
591021,HIV_0000000007,COUNTRY,SYC,YEAR,AFR,Africa,,,2014,,,,,,,52,52.0,,,,2016-03-21T10:38:40+01:00,2014,2014-01-01T00:00:00+01:00,2014-12-31T00:00:00+01:00
699001,HIV_0000000007,COUNTRY,BGR,YEAR,EUR,Europe,,,2014,,,,,,,199,199.0,,,,2016-03-21T10:38:42+01:00,2014,2014-01-01T00:00:00+01:00,2014-12-31T00:00:00+01:00
827358,HIV_0000000007,COUNTRY,NGA,YEAR,AFR,Africa,,,2014,,,,,,, 8 114,8114.0,,,,2016-03-21T10:38:48+01:00,2014,2014-01-01T00:00:00+01:00,2014-12-31T00:00:00+01:00
852484,HIV_0000000007,COUNTRY,BOL,YEAR,AMR,Americas,,,2014,,,,,,, 1 930,1930.0,,,,2016-03-21T10:38:47+01:00,2014,2014-01-01T00:00:00+01:00,2014-12-31T00:00:00+01:00
1157247,HIV_0000000007,COUNTRY,NPL,YEAR,SEAR,South-East Asia,,,2014,,,,,,,405,405.0,,,,2016-03-21T10:38:43+01:00,2014,2014-01-01T00:00:00+01:00,2014-12-31T00:00:00+01:00
1390392,HIV_0000000007,COUNTRY,MOZ,YEAR,AFR,Africa,,,2014,,,,,,, 1 250,1250.0,,,,2016-03-21T10:38:46+01:00,2014,2014-01-01T00:00:00+01:00,2014-12-31T00:00:00+01:00
1614926,HIV_0000000007,COUNTRY,RWA,YEAR,AFR,Africa,,,2014,,,,,,,536,536.0,,,,2016-03-21T10:38:44+01:00,2014,2014-01-01T00:00:00+01:00,2014-12-31T00:00:00+01:00
1677057,HIV_0000000007,COUNTRY,ZAF,YEAR,AFR,Africa,,,2014,,,,,,, 4 096,4096.0,,,,2016-03-21T10:38:48+01:00,2014,2014-01-01T00:00:00+01:00,2014-12-31T00:00:00+01:00
1727298,HIV_0000000007,COUNTRY,TLS,YEAR,SEAR,South-East Asia,,,2014,,,,,,,55,55.0,,,,2016-03-21T10:38:40+01:00,2014,2014-01-01T00:00:00+01:00,2014-12-31T00:00:00+01:00
1867893,HIV_0000000007,COUNTRY,UGA,YEAR,AFR,Africa,,,2014,,,,,,, 3 365,3365.0,,,No inventory for HTC sites. Data was analysed from number of sites reporting during the reporting period (Janï¿½Dec 2014).,2016-03-21T10:38:48+01:00,2014,2014-01-01T00:00:00+01:00,2014-12-31T00:00:00+01:00
1869702,HIV_0000000007,COUNTRY,EGY,YEAR,EMR,Eastern Mediterranean,,,2014,,,,,,,73,73.0,,,,2016-03-21T10:38:40+01:00,2014,2014-01-01T00:00:00+01:00,2014-12-31T00:00:00+01:00
1880867,HIV_0000000007,COUNTRY,ERI,YEAR,AFR,Africa,,,2014,,,,,,,255,255.0,,,,2016-03-21T10:38:42+01:00,2014,2014-01-01T00:00:00+01:00,2014-12-31T00:00:00+01:00
2038137,HIV_0000000007,COUNTRY,KGZ,YEAR,EUR,Europe,,,2014,,,,,,,233,233.0,,,,2016-03-21T10:38:42+01:00,2014,2014-01-01T00:00:00+01:00,2014-12-31T00:00:00+01:00
2052317,HIV_0000000007,COUNTRY,BTN,YEAR,SEAR,South-East Asia,,,2014,,,,,,,188,188.0,,,,2016-03-21T10:38:42+01:00,2014,2014-01-01T00:00:00+01:00,2014-12-31T00:00:00+01:00
2075834,HIV_0000000007,COUNTRY,COG,YEAR,AFR,Africa,,,2014,,,,,,,417,417.0,,,,2016-03-21T10:38:44+01:00,2014,2014-01-01T00:00:00+01:00,2014-12-31T00:00:00+01:00
2110988,HIV_0000000007,COUNTRY,CRI,YEAR,AMR,Americas,,,2014,,,,,,,120,120.0,,,,2016-03-21T10:38:41+01:00,2014,2014-01-01T00:00:00+01:00,2014-12-31T00:00:00+01:00
2180035,HIV_0000000007,COUNTRY,ECU,YEAR,AMR,Americas,,,2014,,,,,,,No data,,,,,2016-03-21T10:38:49+01:00,2014,2014-01-01T00:00:00+01:00,2014-12-31T00:00:00+01:00
2186174,HIV_0000000007,COUNTRY,PNG,YEAR,WPR,Western Pacific,,,2014,,,,,,,396,396.0,,,,2016-03-21T10:38:43+01:00,2014,2014-01-01T00:00:00+01:00,2014-12-31T00:00:00+01:00
2204178,HIV_0000000007,COUNTRY,KEN,YEAR,AFR,Africa,,,2014,,,,,,, 9 334,9334.0,,,,2016-03-21T10:38:48+01:00,2014,2014-01-01T00:00:00+01:00,2014-12-31T00:00:00+01:00
2306549,HIV_0000000007,COUNTRY,SRB,YEAR,EUR,Europe,,,2014,,,,,,,26,26.0,,,,2016-03-21T10:38:38+01:00,2014,2014-01-01T00:00:00+01:00,2014-12-31T00:00:00+01:00
2352362,HIV_0000000007,COUNTRY,RUS,YEAR,EUR,Europe,,,2014,,,,,,,No data,,,,,2016-03-21T10:38:50+01:00,2014,2014-01-01T00:00:00+01:00,2014-12-31T00:00:00+01:00
2396977,HIV_0000000007,COUNTRY,KAZ,YEAR,EUR,Europe,,,2014,,,,,,,No data,,,,,2016-03-21T10:38:49+01:00,2014,2014-01-01T00:00:00+01:00,2014-12-31T00:00:00+01:00
2417221,HIV_0000000007,COUNTRY,PAK,YEAR,EMR,Eastern Mediterranean,,,2014,,,,,,,No data,,,,,2016-03-21T10:38:50+01:00,2014,2014-01-01T00:00:00+01:00,2014-12-31T00:00:00+01:00
2582407,HIV_0000000007,COUNTRY,AGO,YEAR,AFR,Africa,,,2014,,,,,,,No data,,,,,2016-03-21T10:38:49+01:00,2014,2014-01-01T00:00:00+01:00,2014-12-31T00:00:00+01:00
2861726,HIV_0000000007,COUNTRY,BRA,YEAR,AMR,Americas,,,2014,,,,,,, 17 523,17523.0,,,,2016-03-21T10:38:48+01:00,2014,2014-01-01T00:00:00+01:00,2014-12-31T00:00:00+01:00
2869305,HIV_0000000007,COUNTRY,MAR,YEAR,EMR,Eastern Mediterranean,,,2014,,,,,,,834,834.0,,,,2016-03-21T10:38:44+01:00,2014,2014-01-01T00:00:00+01:00,2014-12-31T00:00:00+01:00
2889509,HIV_0000000007,COUNTRY,LBR,YEAR,AFR,Africa,,,2014,,,,,,,368,368.0,,,,2016-03-21T10:38:43+01:00,2014,2014-01-01T00:00:00+01:00,2014-12-31T00:00:00+01:00
3061683,HIV_0000000007,COUNTRY,GTM,YEAR,AMR,Americas,,,2014,,,,,,,342,342.0,,,,2016-03-21T10:38:43+01:00,2014,2014-01-01T00:00:00+01:00,2014-12-31T00:00:00+01:00
3107198,HIV_0000000007,COUNTRY,TJK,YEAR,EUR,Europe,,,2014,,,,,,,170,170.0,,,,2016-03-21T10:38:41+01:00,2014,2014-01-01T00:00:00+01:00,2014-12-31T00:00:00+01:00
3158720,HIV_0000000007,COUNTRY,MDA,YEAR,EUR,Europe,,,2014,,,,,,, 1 157,1157.0,,,,2016-03-21T10:38:46+01:00,2014,2014-01-01T00:00:00+01:00,2014-12-31T00:00:00+01:00
3186575,HIV_0000000007,COUNTRY,LBN,YEAR,EMR,Eastern Mediterranean,,,2014,,,,,,,102,102.0,,,,2016-03-21T10:38:41+01:00,2014,2014-01-01T00:00:00+01:00,2014-12-31T00:00:00+01:00
3236533,HIV_0000000007,COUNTRY,JAM,YEAR,AMR,Americas,,,2014,,,,,,,No data,,,,,2016-03-21T10:38:49+01:00,2014,2014-01-01T00:00:00+01:00,2014-12-31T00:00:00+01:00
3427725,HIV_0000000007,COUNTRY,PHL,YEAR,WPR,Western Pacific,,,2014,,,,,,,No data,,,,,2016-03-21T10:38:50+01:00,2014,2014-01-01T00:00:00+01:00,2014-12-31T00:00:00+01:00
3456387,HIV_0000000007,COUNTRY,IRN,YEAR,EMR,Eastern Mediterranean,,,2014,,,,,,, 1 017,1017.0,,,,2016-03-21T10:38:45+01:00,2014,2014-01-01T00:00:00+01:00,2014-12-31T00:00:00+01:00
3488119,HIV_0000000007,COUNTRY,VUT,YEAR,WPR,Western Pacific,,,2014,,,,,,,17,17.0,,,,2016-03-21T10:38:38+01:00,2014,2014-01-01T00:00:00+01:00,2014-12-31T00:00:00+01:00
3522295,HIV_0000000007,COUNTRY,NER,YEAR,AFR,Africa,,,2014,,,,,,, 1 229,1229.0,,,,2016-03-21T10:38:46+01:00,2014,2014-01-01T00:00:00+01:00,2014-12-31T00:00:00+01:00
3525750,HIV_0000000007,COUNTRY,GHA,YEAR,AFR,Africa,,,2014,,,,,,, 1 656,1656.0,,,,2016-03-21T10:38:47+01:00,2014,2014-01-01T00:00:00+01:00,2014-12-31T00:00:00+01:00
3677218,HIV_0000000007,COUNTRY,THA,YEAR,SEAR,South-East Asia,,,2014,,,,,,, 1 480,1480.0,,,,2016-03-21T10:38:47+01:00,2014,2014-01-01T00:00:00+01:00,2014-12-31T00:00:00+01:00
3741937,HIV_0000000007,COUNTRY,IRQ,YEAR,EMR,Eastern Mediterranean,,,2014,,,,,,,135,135.0,,,,2016-03-21T10:38:41+01:00,2014,2014-01-01T00:00:00+01:00,2014-12-31T00:00:00+01:00
3777109,HIV_0000000007,COUNTRY,DJI,YEAR,EMR,Eastern Mediterranean,,,2014,,,,,,,34,34.0,,,,2016-03-21T10:38:39+01:00,2014,2014-01-01T00:00:00+01:00,2014-12-31T00:00:00+01:00
3792837,HIV_0000000007,COUNTRY,MLI,YEAR,AFR,Africa,,,2014,,,,,,,396,396.0,,,,2016-03-21T10:38:43+01:00,2014,2014-01-01T00:00:00+01:00,2014-12-31T00:00:00+01:00
3824174,HIV_0000000007,COUNTRY,BLZ,YEAR,AMR,Americas,,,2014,,,,,,,No data,,,,,2016-03-21T10:38:49+01:00,2014,2014-01-01T00:00:00+01:00,2014-12-31T00:00:00+01:00
3889316,HIV_0000000007,COUNTRY,TKM,YEAR,EUR,Europe,,,2014,,,,,,,No data,,,,,2016-03-21T10:38:50+01:00,2014,2014-01-01T00:00:00+01:00,2014-12-31T00:00:00+01:00
3970737,HIV_0000000007,COUNTRY,WSM,YEAR,WPR,Western Pacific,,,2014,,,,,,,2,2.0,,,,2016-03-21T10:38:36+01:00,2014,2014-01-01T00:00:00+01:00,2014-12-31T00:00:00+01:00
4031515,HIV_0000000007,COUNTRY,URY,YEAR,AMR,Americas,,,2014,,,,,,,No data,,,,,2016-03-21T10:38:50+01:00,2014,2014-01-01T00:00:00+01:00,2014-12-31T00:00:00+01:00
4155145,HIV_0000000007,COUNTRY,BDI,YEAR,AFR,Africa,,,2014,,,,,,,789,789.0,,,,2016-03-21T10:38:44+01:00,2014,2014-01-01T00:00:00+01:00,2014-12-31T00:00:00+01:00
4180453,HIV_0000000007,COUNTRY,MDG,YEAR,AFR,Africa,,,2014,,,,,,, 1 670,1670.0,,,,2016-03-21T10:38:47+01:00,2014,2014-01-01T00:00:00+01:00,2014-12-31T00:00:00+01:00
4184742,HIV_0000000007,COUNTRY,SWZ,YEAR,AFR,Africa,,,2014,,,,,,,287,287.0,,,,2016-03-21T10:38:42+01:00,2014,2014-01-01T00:00:00+01:00,2014-12-31T00:00:00+01:00
4311284,HIV_0000000007,COUNTRY,SDN,YEAR,EMR,Eastern Mediterranean,,,2014,,,,,,,262,262.0,,,,2016-03-21T10:38:42+01:00,2014,2014-01-01T00:00:00+01:00,2014-12-31T00:00:00+01:00
4346344,HIV_0000000007,COUNTRY,ARG,YEAR,AMR,Americas,,,2014,,,,,,, 17 318,17318.0,,,,2016-03-21T10:38:48+01:00,2014,2014-01-01T00:00:00+01:00,2014-12-31T00:00:00+01:00
4367404,HIV_0000000007,COUNTRY,GAB,YEAR,AFR,Africa,,,2014,,,,,,,No data,,,,,2016-03-21T10:38:49+01:00,2014,2014-01-01T00:00:00+01:00,2014-12-31T00:00:00+01:00
4431538,HIV_0000000007,COUNTRY,CHN,YEAR,WPR,Western Pacific,,,2014,,,,,,, 21 210,21210.0,,,,2016-03-21T10:38:48+01:00,2014,2014-01-01T00:00:00+01:00,2014-12-31T00:00:00+01:00
4453664,HIV_0000000007,COUNTRY,KIR,YEAR,WPR,Western Pacific,,,2014,,,,,,,9,9.0,,,,2016-03-21T10:38:37+01:00,2014,2014-01-01T00:00:00+01:00,2014-12-31T00:00:00+01:00
4531088,HIV_0000000007,COUNTRY,ZWE,YEAR,AFR,Africa,,,2014,,,,,,, 1 460,1460.0,,,,2016-03-21T10:38:46+01:00,2014,2014-01-01T00:00:00+01:00,2014-12-31T00:00:00+01:00
4624194,HIV_0000000007,COUNTRY,COL,YEAR,AMR,Americas,,,2014,,,,,,,No data,,,,,2016-03-21T10:38:49+01:00,2014,2014-01-01T00:00:00+01:00,2014-12-31T00:00:00+01:00
4731284,HIV_0000000007,COUNTRY,STP,YEAR,AFR,Africa,,,2014,,,,,,,49,49.0,,,,2016-03-21T10:38:39+01:00,2014,2014-01-01T00:00:00+01:00,2014-12-31T00:00:00+01:00
4746980,HIV_0000000007,COUNTRY,TON,YEAR,WPR,Western Pacific,,,2014,,,,,,,14,14.0,,,,2016-03-21T10:38:38+01:00,2014,2014-01-01T00:00:00+01:00,2014-12-31T00:00:00+01:00
4777815,HIV_0000000007,COUNTRY,AZE,YEAR,EUR,Europe,,,2014,,,,,,,50,50.0,,,,2016-03-21T10:38:40+01:00,2014,2014-01-01T00:00:00+01:00,2014-12-31T00:00:00+01:00
4792400,HIV_0000000007,COUNTRY,TUR,YEAR,EUR,Europe,,,2014,,,,,,,No data,,,,,2016-03-21T10:38:50+01:00,2014,2014-01-01T00:00:00+01:00,2014-12-31T00:00:00+01:00
4799490,HIV_0000000007,COUNTRY,KHM,YEAR,WPR,Western Pacific,,,2014,,,,,,,924,924.0,,,,2016-03-21T10:38:44+01:00,2014,2014-01-01T00:00:00+01:00,2014-12-31T00:00:00+01:00
4844023,HIV_0000000007,COUNTRY,SYR,YEAR,EMR,Eastern Mediterranean,,,2014,,,,,,,No data,,,,,2016-03-21T10:38:50+01:00,2014,2014-01-01T00:00:00+01:00,2014-12-31T00:00:00+01:00
4907466,HIV_0000000007,COUNTRY,LKA,YEAR,SEAR,South-East Asia,,,2014,,,,,,,225,225.0,,,,2016-03-21T10:38:42+01:00,2014,2014-01-01T00:00:00+01:00,2014-12-31T00:00:00+01:00
4949578,HIV_0000000007,COUNTRY,FSM,YEAR,WPR,Western Pacific,,,2014,,,,,,,4,4.0,,,,2016-03-21T10:38:37+01:00,2014,2014-01-01T00:00:00+01:00,2014-12-31T00:00:00+01:00
4965530,HIV_0000000007,COUNTRY,PLW,YEAR,WPR,Western Pacific,,,2014,,,,,,,4,4.0,,,,2016-03-21T10:38:37+01:00,2014,2014-01-01T00:00:00+01:00,2014-12-31T00:00:00+01:00
5028837,HIV_0000000007,COUNTRY,NIU,YEAR,WPR,Western Pacific,,,2014,,,,,,,No data,,,,,2016-03-21T10:38:50+01:00,2014,2014-01-01T00:00:00+01:00,2014-12-31T00:00:00+01:00
5045787,HIV_0000000007,COUNTRY,GEO,YEAR,EUR,Europe,,,2014,,,,,,,234,234.0,,,,2016-03-21T10:38:42+01:00,2014,2014-01-01T00:00:00+01:00,2014-12-31T00:00:00+01:00
5102818,HIV_0000000007,COUNTRY,BGD,YEAR,SEAR,South-East Asia,,,2014,,,,,,,101,101.0,,,,2016-03-21T10:38:40+01:00,2014,2014-01-01T00:00:00+01:00,2014-12-31T00:00:00+01:00
5124986,HIV_0000000007,COUNTRY,MEX,YEAR,AMR,Americas,,,2014,,,,,,,No data,,,,,2016-03-21T10:38:49+01:00,2014,2014-01-01T00:00:00+01:00,2014-12-31T00:00:00+01:00
5165313,HIV_0000000007,COUNTRY,PER,YEAR,AMR,Americas,,,2014,,,,,,, 7 995,7995.0,,,,2016-03-21T10:38:48+01:00,2014,2014-01-01T00:00:00+01:00,2014-12-31T00:00:00+01:00
5364253,HIV_0000000007,COUNTRY,SUR,YEAR,AMR,Americas,,,2014,,,,,,,No data,,,,,2016-03-21T10:38:50+01:00,2014,2014-01-01T00:00:00+01:00,2014-12-31T00:00:00+01:00
5413988,HIV_0000000007,COUNTRY,BFA,YEAR,AFR,Africa,,,2014,,,,,,, 1 783,1783.0,,,,2016-03-21T10:38:47+01:00,2014,2014-01-01T00:00:00+01:00,2014-12-31T00:00:00+01:00
5478525,HIV_0000000007,COUNTRY,ZMB,YEAR,AFR,Africa,,,2014,,,,,,, 1 765,1765.0,,,,2016-03-21T10:38:47+01:00,2014,2014-01-01T00:00:00+01:00,2014-12-31T00:00:00+01:00
5546329,HIV_0000000007,COUNTRY,ETH,YEAR,AFR,Africa,,,2014,,,,,,, 3 447,3447.0,,,,2016-03-21T10:38:48+01:00,2014,2014-01-01T00:00:00+01:00,2014-12-31T00:00:00+01:00
5739491,HIV_0000000007,COUNTRY,GMB,YEAR,AFR,Africa,,,2014,,,,,,,45,45.0,,,,2016-03-21T10:38:39+01:00,2014,2014-01-01T00:00:00+01:00,2014-12-31T00:00:00+01:00
5750371,HIV_0000000007,COUNTRY,GNB,YEAR,AFR,Africa,,,2014,,,,,,,116,116.0,,,,2016-03-21T10:38:41+01:00,2014,2014-01-01T00:00:00+01:00,2014-12-31T00:00:00+01:00
5804735,HIV_0000000007,COUNTRY,MMR,YEAR,SEAR,South-East Asia,,,2014,,,,,,,No data,,,,,2016-03-21T10:38:50+01:00,2014,2014-01-01T00:00:00+01:00,2014-12-31T00:00:00+01:00
6009717,HIV_0000000007,COUNTRY,HND,YEAR,AMR,Americas,,,2014,,,,,,,612,612.0,,,,2016-03-21T10:38:44+01:00,2014,2014-01-01T00:00:00+01:00,2014-12-31T00:00:00+01:00
6053636,HIV_0000000007,COUNTRY,GRD,YEAR,AMR,Americas,,,2014,,,,,,,No data,,,,,2016-03-21T10:38:49+01:00,2014,2014-01-01T00:00:00+01:00,2014-12-31T00:00:00+01:00
6118975,HIV_0000000007,COUNTRY,MHL,YEAR,WPR,Western Pacific,,,2014,,,,,,,6,6.0,,,,2016-03-21T10:38:37+01:00,2014,2014-01-01T00:00:00+01:00,2014-12-31T00:00:00+01:00
6175060,HIV_0000000007,COUNTRY,YEM,YEAR,EMR,Eastern Mediterranean,,,2014,,,,,,,36,36.0,,,,2016-03-21T10:38:39+01:00,2014,2014-01-01T00:00:00+01:00,2014-12-31T00:00:00+01:00
6185847,HIV_0000000007,COUNTRY,GUY,YEAR,AMR,Americas,,,2014,,,,,,,60,60.0,,,,2016-03-21T10:38:40+01:00,2014,2014-01-01T00:00:00+01:00,2014-12-31T00:00:00+01:00
6239763,HIV_0000000007,COUNTRY,TUN,YEAR,EMR,Eastern Mediterranean,,,2014,,,,,,,25,25.0,,,,2016-03-21T10:38:38+01:00,2014,2014-01-01T00:00:00+01:00,2014-12-31T00:00:00+01:00
6287656,HIV_0000000007,COUNTRY,ALB,YEAR,EUR,Europe,,,2014,,,,,,,15,15.0,,,,2016-03-21T10:38:38+01:00,2014,2014-01-01T00:00:00+01:00,2014-12-31T00:00:00+01:00
6312890,HIV_0000000007,COUNTRY,LVA,YEAR,EUR,Europe,,,2014,,,,,,,No data,,,,,2016-03-21T10:38:49+01:00,2014,2014-01-01T00:00:00+01:00,2014-12-31T00:00:00+01:00
6364732,HIV_0000000007,COUNTRY,DOM,YEAR,AMR,Americas,,,2014,,,,,,,610,610.0,,,,2016-03-21T10:38:44+01:00,2014,2014-01-01T00:00:00+01:00,2014-12-31T00:00:00+01:00
6389538,HIV_0000000007,COUNTRY,SEN,YEAR,AFR,Africa,,,2014,,,,,,, 1 466,1466.0,,,,2016-03-21T10:38:47+01:00,2014,2014-01-01T00:00:00+01:00,2014-12-31T00:00:00+01:00
6509008,HIV_0000000007,COUNTRY,MYS,YEAR,WPR,Western Pacific,,,2014,,,,,,, 8 469,8469.0,,,,2016-03-21T10:38:48+01:00,2014,2014-01-01T00:00:00+01:00,2014-12-31T00:00:00+01:00
6535414,HIV_0000000007,COUNTRY,MWI,YEAR,AFR,Africa,,,2014,,,,,,,724,724.0,,,,2016-03-21T10:38:44+01:00,2014,2014-01-01T00:00:00+01:00,2014-12-31T00:00:00+01:00
6725339,HIV_0000000007,COUNTRY,CAF,YEAR,AFR,Africa,,,2014,,,,,,,73,73.0,,,,2016-03-21T10:38:40+01:00,2014,2014-01-01T00:00:00+01:00,2014-12-31T00:00:00+01:00
6808946,HIV_0000000007,COUNTRY,MNE,YEAR,EUR,Europe,,,2014,,,,,,,8,8.0,,,,2016-03-21T10:38:37+01:00,2014,2014-01-01T00:00:00+01:00,2014-12-31T00:00:00+01:00
6827040,HIV_0000000007,COUNTRY,CPV,YEAR,AFR,Africa,,,2014,,,,,,,59,59.0,,,,2016-03-21T10:38:40+01:00,2014,2014-01-01T00:00:00+01:00,2014-12-31T00:00:00+01:00
7036525,HIV_0000000007,COUNTRY,DMA,YEAR,AMR,Americas,,,2014,,,,,,,13,13.0,,,,2016-03-21T10:38:38+01:00,2014,2014-01-01T00:00:00+01:00,2014-12-31T00:00:00+01:00
7115034,HIV_0000000007,COUNTRY,IDN,YEAR,SEAR,South-East Asia,,,2014,,,,,,, 1 438,1438.0,,,,2016-03-21T10:38:46+01:00,2014,2014-01-01T00:00:00+01:00,2014-12-31T00:00:00+01:00
7185814,HIV_0000000007,COUNTRY,PRY,YEAR,AMR,Americas,,,2014,,,,,,, 1 067,1067.0,,,,2016-03-21T10:38:45+01:00,2014,2014-01-01T00:00:00+01:00,2014-12-31T00:00:00+01:00
7210268,HIV_0000000007,COUNTRY,COM,YEAR,AFR,Africa,,,2014,,,,,,,42,42.0,,,,2016-03-21T10:38:39+01:00,2014,2014-01-01T00:00:00+01:00,2014-12-31T00:00:00+01:00
7210675,HIV_0000000007,COUNTRY,MDV,YEAR,SEAR,South-East Asia,,,2014,,,,,,,7,7.0,,,,2016-03-21T10:38:37+01:00,2014,2014-01-01T00:00:00+01:00,2014-12-31T00:00:00+01:00
7280739,HIV_0000000007,COUNTRY,TGO,YEAR,AFR,Africa,,,2014,,,,,,,672,672.0,,,,2016-03-21T10:38:44+01:00,2014,2014-01-01T00:00:00+01:00,2014-12-31T00:00:00+01:00
7307572,HIV_0000000007,COUNTRY,LBY,YEAR,EMR,Eastern Mediterranean,,,2014,,,,,,,2,2.0,,,,2016-03-21T10:38:35+01:00,2014,2014-01-01T00:00:00+01:00,2014-12-31T00:00:00+01:00
7319981,HIV_0000000007,COUNTRY,BEN,YEAR,AFR,Africa,,,2014,,,,,,,156,156.0,,,,2016-03-21T10:38:41+01:00,2014,2014-01-01T00:00:00+01:00,2014-12-31T00:00:00+01:00
7502099,HIV_0000000007,COUNTRY,BIH,YEAR,EUR,Europe,,,2014,,,,,,,20,20.0,,,,2016-03-21T10:38:38+01:00,2014,2014-01-01T00:00:00+01:00,2014-12-31T00:00:00+01:00
7606398,HIV_0000000007,COUNTRY,FJI,YEAR,WPR,Western Pacific,,,2014,,,,,,,109,109.0,,,,2016-03-21T10:38:41+01:00,2014,2014-01-01T00:00:00+01:00,2014-12-31T00:00:00+01:00
7639813,HIV_0000000007,COUNTRY,UKR,YEAR,EUR,Europe,,,2014,,,,,,, 1 516,1516.0,,,,2016-03-21T10:38:47+01:00,2014,2014-01-01T00:00:00+01:00,2014-12-31T00:00:00+01:00
7675844,HIV_0000000007,COUNTRY,CHL,YEAR,AMR,Americas,,,2014,,,,,,, 1 136,1136.0,,,Public sector only.,2016-03-21T10:38:46+01:00,2014,2014-01-01T00:00:00+01:00,2014-12-31T00:00:00+01:00
7677027,HIV_0000000007,COUNTRY,SLB,YEAR,WPR,Western Pacific,,,2014,,,,,,,17,17.0,,,,2016-03-21T10:38:38+01:00,2014,2014-01-01T00:00:00+01:00,2014-12-31T00:00:00+01:00
7824032,HIV_0000000007,COUNTRY,CIV,YEAR,AFR,Africa,,,2014,,,,,,, 1 478,1478.0,,,,2016-03-21T10:38:47+01:00,2014,2014-01-01T00:00:00+01:00,2014-12-31T00:00:00+01:00
7828060,HIV_0000000007,COUNTRY,VCT,YEAR,AMR,Americas,,,2014,,,,,,,3,3.0,,,,2016-03-21T10:38:36+01:00,2014,2014-01-01T00:00:00+01:00,2014-12-31T00:00:00+01:00
8041635,HIV_0000000007,COUNTRY,TCD,YEAR,AFR,Africa,,,2014,,,,,,,95,95.0,,,,2016-03-21T10:38:40+01:00,2014,2014-01-01T00:00:00+01:00,2014-12-31T00:00:00+01:00
8073511,HIV_0000000007,COUNTRY,ROU,YEAR,EUR,Europe,,,2014,,,,,,,No data,,,,,2016-03-21T10:38:50+01:00,2014,2014-01-01T00:00:00+01:00,2014-12-31T00:00:00+01:00
8110945,HIV_0000000007,COUNTRY,LAO,YEAR,WPR,Western Pacific,,,2014,,,,,,,172,172.0,,,,2016-03-21T10:38:41+01:00,2014,2014-01-01T00:00:00+01:00,2014-12-31T00:00:00+01:00
8129911,HIV_0000000007,COUNTRY,SSD,YEAR,AFR,Africa,,,2014,,,,,,,143,143.0,,,,2016-03-21T10:38:41+01:00,2014,2014-01-01T00:00:00+01:00,2014-12-31T00:00:00+01:00
8133612,HIV_0000000007,COUNTRY,COK,YEAR,WPR,Western Pacific,,,2014,,,,,,,4,4.0,,,,2016-03-21T10:38:37+01:00,2014,2014-01-01T00:00:00+01:00,2014-12-31T00:00:00+01:00
8149913,HIV_0000000007,COUNTRY,LTU,YEAR,EUR,Europe,,,2014,,,,,,,106,106.0,,,,2016-03-21T10:38:41+01:00,2014,2014-01-01T00:00:00+01:00,2014-12-31T00:00:00+01:00
8265583,HIV_0000000007,COUNTRY,BLR,YEAR,EUR,Europe,,,2014,,,,,,, 1 077,1077.0,,,,2016-03-21T10:38:45+01:00,2014,2014-01-01T00:00:00+01:00,2014-12-31T00:00:00+01:00
8343447,HIV_0000000007,COUNTRY,LSO,YEAR,AFR,Africa,,,2014,,,,,,,284,284.0,,,,2016-03-21T10:38:42+01:00,2014,2014-01-01T00:00:00+01:00,2014-12-31T00:00:00+01:00
8361340,HIV_0000000007,COUNTRY,DZA,YEAR,AFR,Africa,,,2014,,,,,,, 2 041,2041.0,,,,2016-03-21T10:38:47+01:00,2014,2014-01-01T00:00:00+01:00,2014-12-31T00:00:00+01:00
8433583,HIV_0000000007,COUNTRY,LCA,YEAR,AMR,Americas,,,2014,,,,,,,12,12.0,,,,2016-03-21T10:38:38+01:00,2014,2014-01-01T00:00:00+01:00,2014-12-31T00:00:00+01:00
8545838,HIV_0000000007,COUNTRY,MUS,YEAR,AFR,Africa,,,2014,,,,,,,148,148.0,,,,2016-03-21T10:38:41+01:00,2014,2014-01-01T00:00:00+01:00,2014-12-31T00:00:00+01:00
8553880,HIV_0000000007,COUNTRY,NAM,YEAR,AFR,Africa,,,2014,,,,,,,338,338.0,,,,2016-03-21T10:38:43+01:00,2014,2014-01-01T00:00:00+01:00,2014-12-31T00:00:00+01:00
8584906,HIV_0000000007,COUNTRY,COD,YEAR,AFR,Africa,,,2014,,,,,,, 2 062,2062.0,,,,2016-03-21T10:38:48+01:00,2014,2014-01-01T00:00:00+01:00,2014-12-31T00:00:00+01:00
8763965,HIV_0000000007,COUNTRY,SOM,YEAR,EMR,Eastern Mediterranean,,,2014,,,,,,,73,73.0,,,,2016-03-21T10:38:40+01:00,2014,2014-01-01T00:00:00+01:00,2014-12-31T00:00:00+01:00
8830652,HIV_0000000007,COUNTRY,SLV,YEAR,AMR,Americas,,,2014,,,,,,,822,822.0,,,,2016-03-21T10:38:44+01:00,2014,2014-01-01T00:00:00+01:00,2014-12-31T00:00:00+01:00
8858282,HIV_0000000007,COUNTRY,CMR,YEAR,AFR,Africa,,,2014,,,,,,, 3 579,3579.0,,,,2016-03-21T10:38:48+01:00,2014,2014-01-01T00:00:00+01:00,2014-12-31T00:00:00+01:00
8915212,HIV_0000000007,COUNTRY,IND,YEAR,SEAR,South-East Asia,,,2014,,,,,,, 17 927,17927.0,,,,2016-03-21T10:38:48+01:00,2014,2014-01-01T00:00:00+01:00,2014-12-31T00:00:00+01:00
8941941,HIV_0000000007,COUNTRY,NRU,YEAR,WPR,Western Pacific,,,2014,,,,,,,15,15.0,,,,2016-03-21T10:38:38+01:00,2014,2014-01-01T00:00:00+01:00,2014-12-31T00:00:00+01:00
9036376,HIV_0000000007,COUNTRY,CUB,YEAR,AMR,Americas,,,2014,,,,,,,No data,,,,,2016-03-21T10:38:49+01:00,2014,2014-01-01T00:00:00+01:00,2014-12-31T00:00:00+01:00
9329925,HIV_0000000007,COUNTRY,UZB,YEAR,EUR,Europe,,,2014,,,,,,,No data,,,,,2016-03-21T10:38:50+01:00,2014,2014-01-01T00:00:00+01:00,2014-12-31T00:00:00+01:00
9418514,HIV_0000000007,COUNTRY,VNM,YEAR,WPR,Western Pacific,,,2014,,,,,,, 1 345,1345.0,,,,2016-03-21T10:38:46+01:00,2014,2014-01-01T00:00:00+01:00,2014-12-31T00:00:00+01:00
9457475,HIV_0000000007,COUNTRY,HTI,YEAR,AMR,Americas,,,2014,,,,,,,193,193.0,,,,2016-03-21T10:38:42+01:00,2014,2014-01-01T00:00:00+01:00,2014-12-31T00:00:00+01:00
9510520,HIV_0000000007,COUNTRY,JOR,YEAR,EMR,Eastern Mediterranean,,,2014,,,,,,,No data,,,,,2016-03-21T10:38:49+01:00,2014,2014-01-01T00:00:00+01:00,2014-12-31T00:00:00+01:00
9612554,HIV_0000000007,COUNTRY,MKD,YEAR,EUR,Europe,,,2014,,,,,,,No data,,,,,2016-03-21T10:38:50+01:00,2014,2014-01-01T00:00:00+01:00,2014-12-31T00:00:00+01:00
9691754,HIV_0000000007,COUNTRY,PAN,YEAR,AMR,Americas,,,2014,,,,,,,No data,,,,,2016-03-21T10:38:50+01:00,2014,2014-01-01T00:00:00+01:00,2014-12-31T00:00:00+01:00
