Indicator,Country,Year,Value,Dim1
HIV_0000000015,BHS,2022,32.0,
HIV_0000000015,ZAF,2010,265999.0,
HIV_0000000015,BLR,2020,,
HIV_0000000015,GUY,2022,244.0,
HIV_0000000015,AND,2016,,
HIV_0000000015,GUY,2020,137.0,
HIV_0000000015,PRY,2011,,
HIV_0000000015,DZA,2020,256.0,
HIV_0000000015,AUT,2020,,
HIV_0000000015,THA,2014,5999.0,
HIV_0000000015,MDA,2021,174.0,
HIV_0000000015,NRU,2020,,
HIV_0000000015,SUR,2019,95.0,
HIV_0000000015,SLE,2017,3802.0,
HIV_0000000015,TUR,2016,,
HIV_0000000015,LAO,2013,55.0,
HIV_0000000015,CHE,2011,,
HIV_0000000015,MUS,2022,,
HIV_0000000015,SWZ,2015,10245.0,
HIV_0000000015,EUR,2012,20000.0,
HIV_0000000015,WSM,2019,,
HIV_0000000015,HUN,2010,,
HIV_0000000015,SYR,2011,0.0,
HIV_0000000015,CHL,2012,,
HIV_0000000015,ECU,2019,577.0,
HIV_0000000015,SUR,2018,100.0,
HIV_0000000015,ATG,2015,,
HIV_0000000015,PAN,2011,180.0,
HIV_0000000015,IND,2018,,
HIV_0000000015,TCD,2018,5619.0,
HIV_0000000015,CZE,2011,,
HIV_0000000015,THA,2013,6599.0,
HIV_0000000015,GRC,2017,,
HIV_0000000015,PLW,2014,,
HIV_0000000015,COL,2016,774.0,
HIV_0000000015,CIV,2016,16894.0,
HIV_0000000015,ITA,2014,,
HIV_0000000015,SLB,2019,,
HIV_0000000015,MNG,2017,6.0,
HIV_0000000015,MAR,2013,182.0,
HIV_0000000015,KNA,2013,,
HIV_0000000015,HRV,2014,,
HIV_0000000015,HTI,2016,4075.0,
HIV_0000000015,NZL,2013,,
HIV_0000000015,NGA,2012,37869.0,
HIV_0000000015,WSM,2022,,
HIV_0000000015,TON,2013,,
HIV_0000000015,TGO,2022,3602.0,
HIV_0000000015,BGR,2012,,
HIV_0000000015,ALB,2012,,
HIV_0000000015,USA,2020,,
HIV_0000000015,GMB,2020,577.0,
HIV_0000000015,FIN,2012,,
HIV_0000000015,DEU,2013,,
HIV_0000000015,MUS,2012,,
HIV_0000000015,KIR,2022,,
HIV_0000000015,KNA,2014,,
HIV_0000000015,SWE,2020,,
HIV_0000000015,TUV,2015,,
HIV_0000000015,PLW,2013,,
HIV_0000000015,LSO,2014,10617.0,
HIV_0000000015,TKM,2020,,
HIV_0000000015,THA,2016,4921.0,
HIV_0000000015,JAM,2013,281.0,
HIV_0000000015,ECU,2014,334.0,
HIV_0000000015,PER,2019,1042.0,
HIV_0000000015,MOZ,2010,22344.0,
HIV_0000000015,KAZ,2015,354.0,
HIV_0000000015,VEN,2018,406.0,
HIV_0000000015,TKM,2016,,
HIV_0000000015,CMR,2012,17755.0,
HIV_0000000015,DZA,2018,324.0,
HIV_0000000015,WPR,2021,8300.0,
HIV_0000000015,COK,2015,,
HIV_0000000015,VNM,2012,1294.0,
HIV_0000000015,STP,2017,30.0,
HIV_0000000015,LKA,2010,6.0,
HIV_0000000015,GAB,2016,2028.0,
HIV_0000000015,MUS,2017,,
HIV_0000000015,MLI,2019,1885.0,
HIV_0000000015,EMR,2011,500.0,
HIV_0000000015,WSM,2017,,
HIV_0000000015,MMR,2017,4125.0,
HIV_0000000015,CMR,2020,16758.0,
HIV_0000000015,ITA,2020,,
HIV_0000000015,KOR,2022,,
HIV_0000000015,GIN,2011,1921.0,
HIV_0000000015,ZMB,2010,35494.0,
HIV_0000000015,URY,2012,,
HIV_0000000015,MLI,2020,1907.0,
HIV_0000000015,AFR,2013,960000.0,
HIV_0000000015,MRT,2011,33.0,
HIV_0000000015,QAT,2017,3.0,
HIV_0000000015,LBN,2021,6.0,
HIV_0000000015,TKM,2017,,
HIV_0000000015,MKD,2021,,
HIV_0000000015,DJI,2010,38.0,
HIV_0000000015,MNG,2013,2.0,
HIV_0000000015,PAK,2016,125.0,
HIV_0000000015,DNK,2017,,
HIV_0000000015,ISR,2013,,
HIV_0000000015,SSD,2019,4352.0,
HIV_0000000015,MOZ,2021,112652.0,
HIV_0000000015,CAN,2020,,
HIV_0000000015,RWA,2017,7837.0,
HIV_0000000015,KOR,2010,,
HIV_0000000015,SYC,2019,,
HIV_0000000015,TLS,2016,11.0,
HIV_0000000015,COG,2013,1466.0,
HIV_0000000015,GRC,2018,,
HIV_0000000015,CIV,2017,17291.0,
HIV_0000000015,COG,2015,1130.0,
HIV_0000000015,NAM,2012,7478.0,
HIV_0000000015,PRK,2010,,
HIV_0000000015,SWE,2018,,
HIV_0000000015,HUN,2013,,
HIV_0000000015,IRL,2018,,
HIV_0000000015,EGY,2019,69.0,
HIV_0000000015,FRA,2019,,
HIV_0000000015,COK,2010,,
HIV_0000000015,BLZ,2013,46.0,
HIV_0000000015,KWT,2015,4.0,
HIV_0000000015,CYP,2021,,
HIV_0000000015,KEN,2016,59297.0,
HIV_0000000015,GNQ,2016,1596.0,
HIV_0000000015,QAT,2012,0.0,
HIV_0000000015,IRL,2013,,
HIV_0000000015,ETH,2022,14162.0,
HIV_0000000015,KAZ,2019,436.0,
HIV_0000000015,HND,2017,180.0,
HIV_0000000015,MRT,2012,15.0,
HIV_0000000015,DMA,2010,,
HIV_0000000015,GBR,2018,,
HIV_0000000015,NLD,2018,,
HIV_0000000015,DJI,2014,62.0,
HIV_0000000015,MHL,2016,,
HIV_0000000015,MNE,2014,,
HIV_0000000015,IND,2015,,
HIV_0000000015,NIU,2020,,
HIV_0000000015,ZWE,2019,57609.0,
HIV_0000000015,AGO,2010,3652.0,
HIV_0000000015,PRK,2014,,
HIV_0000000015,MOZ,2019,112282.0,
HIV_0000000015,ALB,2021,,
HIV_0000000015,KOR,2020,,
HIV_0000000015,SVK,2020,,
HIV_0000000015,ARE,2017,0.0,
HIV_0000000015,BLZ,2012,66.0,
HIV_0000000015,GNQ,2012,252.0,
HIV_0000000015,COM,2013,1.0,
HIV_0000000015,LVA,2018,,
HIV_0000000015,GTM,2014,333.0,
HIV_0000000015,KOR,2015,,
HIV_0000000015,DOM,2010,768.0,
HIV_0000000015,MAR,2019,254.0,
HIV_0000000015,MKD,2011,,
HIV_0000000015,MAR,2012,195.0,
HIV_0000000015,MWI,2017,42371.0,
HIV_0000000015,LSO,2011,10874.0,
HIV_0000000015,BRN,2018,,
HIV_0000000015,PRY,2013,,
HIV_0000000015,MYS,2017,260.0,
HIV_0000000015,COD,2017,13939.0,
HIV_0000000015,GBR,2011,,
HIV_0000000015,MRT,2016,49.0,
HIV_0000000015,LAO,2012,49.0,
HIV_0000000015,ISR,2021,,
HIV_0000000015,NAM,2014,10827.0,
HIV_0000000015,COL,2015,737.0,
HIV_0000000015,COK,2012,,
HIV_0000000015,MMR,2018,4303.0,
HIV_0000000015,KAZ,2017,386.0,
HIV_0000000015,ECU,2016,358.0,
HIV_0000000015,MYS,2012,287.0,
HIV_0000000015,CAF,2015,2721.0,
HIV_0000000015,FSM,2012,,
HIV_0000000015,TUV,2021,,
HIV_0000000015,JAM,2016,407.0,
HIV_0000000015,FSM,2021,,
HIV_0000000015,SYR,2021,1.0,
HIV_0000000015,LSO,2020,7491.0,
HIV_0000000015,NER,2010,2119.0,
HIV_0000000015,NER,2015,981.0,
HIV_0000000015,VEN,2013,442.0,
HIV_0000000015,SYR,2012,0.0,
HIV_0000000015,VNM,2019,2057.0,
HIV_0000000015,PRT,2017,,
HIV_0000000015,HUN,2019,,
HIV_0000000015,NPL,2017,191.0,
HIV_0000000015,COD,2018,11376.0,
HIV_0000000015,SEN,2021,1350.0,
HIV_0000000015,LBN,2012,3.0,
HIV_0000000015,BRB,2013,19.0,
HIV_0000000015,BGD,2015,21.0,
HIV_0000000015,AUS,2020,,
HIV_0000000015,LTU,2021,,
HIV_0000000015,CAN,2019,,
HIV_0000000015,SEAR,2020,20000.0,
HIV_0000000015,NPL,2022,182.0,
HIV_0000000015,BRN,2017,,
HIV_0000000015,AUS,2015,,
HIV_0000000015,AND,2011,,
HIV_0000000015,AFG,2017,18.0,
HIV_0000000015,SEN,2017,1231.0,
HIV_0000000015,GRC,2016,,
HIV_0000000015,BDI,2020,4845.0,
HIV_0000000015,COM,2016,7.0,
HIV_0000000015,ZMB,2012,40124.0,
HIV_0000000015,BLZ,2017,43.0,
HIV_0000000015,TUR,2020,,
HIV_0000000015,NAM,2022,11662.0,
HIV_0000000015,UKR,2015,3057.0,
HIV_0000000015,TLS,2014,,
HIV_0000000015,SEN,2020,1393.0,
HIV_0000000015,ISL,2013,,
HIV_0000000015,EST,2018,,
HIV_0000000015,CZE,2012,,
HIV_0000000015,URY,2018,,
HIV_0000000015,BTN,2014,7.0,
HIV_0000000015,AZE,2019,83.0,
HIV_0000000015,SAU,2022,30.0,
HIV_0000000015,DOM,2019,650.0,
HIV_0000000015,KNA,2015,,
HIV_0000000015,IRQ,2012,0.0,
HIV_0000000015,SLB,2015,,
HIV_0000000015,LTU,2012,,
HIV_0000000015,SVK,2021,,
HIV_0000000015,MLT,2020,,
HIV_0000000015,PAK,2017,183.0,
HIV_0000000015,GMB,2018,695.0,
HIV_0000000015,MHL,2014,,
HIV_0000000015,TZA,2020,76656.0,
HIV_0000000015,MOZ,2014,94879.0,
HIV_0000000015,RWA,2014,9432.0,
HIV_0000000015,BRA,2017,,
HIV_0000000015,COM,2021,4.0,
HIV_0000000015,AND,2012,,
HIV_0000000015,VNM,2010,1427.0,
HIV_0000000015,BEN,2020,5925.0,
HIV_0000000015,BLZ,2016,38.0,
HIV_0000000015,SEN,2011,850.0,
HIV_0000000015,ARE,2010,0.0,
HIV_0000000015,MLT,2021,,
HIV_0000000015,GMB,2019,624.0,
HIV_0000000015,COM,2019,5.0,
HIV_0000000015,MNE,2018,,
HIV_0000000015,KIR,2014,,
HIV_0000000015,NLD,2015,,
HIV_0000000015,KWT,2017,2.0,
HIV_0000000015,MLI,2017,2317.0,
HIV_0000000015,ECU,2010,265.0,
HIV_0000000015,JAM,2019,411.0,
HIV_0000000015,IRL,2015,,
HIV_0000000015,WPR,2017,8600.0,
HIV_0000000015,LKA,2017,16.0,
HIV_0000000015,RUS,2015,,
HIV_0000000015,AFR,2019,1000000.0,
HIV_0000000015,MLI,2022,1872.0,
HIV_0000000015,ARE,2015,0.0,
HIV_0000000015,ARG,2020,,
HIV_0000000015,TUR,2013,,
HIV_0000000015,AUS,2022,,
HIV_0000000015,SLB,2016,,
HIV_0000000015,JOR,2015,0.0,
HIV_0000000015,SAU,2017,49.0,
HIV_0000000015,SVN,2018,,
HIV_0000000015,KEN,2014,50259.0,
HIV_0000000015,TCD,2010,1601.0,
HIV_0000000015,EGY,2022,152.0,
HIV_0000000015,IRL,2016,,
HIV_0000000015,WSM,2020,,
HIV_0000000015,STP,2018,30.0,
HIV_0000000015,MLT,2016,,
HIV_0000000015,THA,2021,2972.0,
HIV_0000000015,GIN,2020,3366.0,
HIV_0000000015,ARG,2010,,
HIV_0000000015,PRY,2014,,
HIV_0000000015,MWI,2010,13967.0,
HIV_0000000015,SEAR,2012,12000.0,
HIV_0000000015,SWE,2019,,
HIV_0000000015,SDN,2012,91.0,
HIV_0000000015,JAM,2012,295.0,
HIV_0000000015,IDN,2013,512.0,
HIV_0000000015,UGA,2015,115771.0,
HIV_0000000015,SSD,2010,674.0,
HIV_0000000015,AMR,2019,28000.0,
HIV_0000000015,LAO,2017,79.0,
HIV_0000000015,COD,2014,2773.0,
HIV_0000000015,OMN,2018,33.0,
HIV_0000000015,MEX,2013,,
HIV_0000000015,VNM,2013,1192.0,
HIV_0000000015,TTO,2017,113.0,
HIV_0000000015,KIR,2018,,
HIV_0000000015,DEU,2020,,
HIV_0000000015,AUT,2019,,
HIV_0000000015,MOZ,2018,109464.0,
HIV_0000000015,VEN,2010,299.0,
HIV_0000000015,ECU,2017,362.0,
HIV_0000000015,CUB,2020,196.0,
HIV_0000000015,PER,2012,700.0,
HIV_0000000015,NZL,2014,,
HIV_0000000015,CHE,2022,,
HIV_0000000015,TUN,2021,33.0,
HIV_0000000015,KEN,2011,55641.0,
HIV_0000000015,LBR,2010,559.0,
HIV_0000000015,KAZ,2018,360.0,
HIV_0000000015,BLZ,2020,44.0,
HIV_0000000015,ARM,2019,49.0,
HIV_0000000015,IRN,2014,168.0,
HIV_0000000015,EST,2019,,
HIV_0000000015,LCA,2011,,
HIV_0000000015,COK,2013,,
HIV_0000000015,SRB,2011,,
HIV_0000000015,COG,2018,480.0,
HIV_0000000015,DNK,2015,,
HIV_0000000015,LAO,2014,31.0,
HIV_0000000015,TKM,2012,,
HIV_0000000015,SEAR,2019,24000.0,
HIV_0000000015,LUX,2016,,
HIV_0000000015,KOR,2013,,
HIV_0000000015,KIR,2011,,
HIV_0000000015,UGA,2011,48206.0,
HIV_0000000015,ZMB,2018,48409.0,
HIV_0000000015,SMR,2020,,
HIV_0000000015,YEM,2011,5.0,
HIV_0000000015,KAZ,2013,313.0,
HIV_0000000015,SLB,2010,,
HIV_0000000015,NZL,2010,,
HIV_0000000015,NPL,2016,181.0,
HIV_0000000015,BWA,2021,10237.0,
HIV_0000000015,GAB,2013,1375.0,
HIV_0000000015,ZWE,2017,60570.0,
HIV_0000000015,ARE,2012,0.0,
HIV_0000000015,MLT,2015,,
HIV_0000000015,POL,2014,,
HIV_0000000015,COG,2011,1416.0,
HIV_0000000015,SYR,2015,2.0,
HIV_0000000015,CAN,2016,,
HIV_0000000015,PRY,2015,173.0,
HIV_0000000015,LSO,2018,8122.0,
HIV_0000000015,NZL,2018,,
HIV_0000000015,NER,2022,759.0,
HIV_0000000015,MDA,2020,156.0,
HIV_0000000015,SSD,2012,1059.0,
HIV_0000000015,ETH,2016,16618.0,
HIV_0000000015,TZA,2014,71088.0,
HIV_0000000015,DOM,2016,913.0,
HIV_0000000015,ZMB,2014,48655.0,
HIV_0000000015,ISR,2010,,
HIV_0000000015,NAM,2011,8413.0,
HIV_0000000015,CMR,2016,23005.0,
HIV_0000000015,SWZ,2013,10332.0,
HIV_0000000015,NPL,2015,145.0,
HIV_0000000015,AMR,2016,26000.0,
HIV_0000000015,POL,2017,,
HIV_0000000015,IDN,2020,1816.0,
HIV_0000000015,SYR,2018,0.0,
HIV_0000000015,KGZ,2013,99.0,
HIV_0000000015,PAN,2022,170.0,
HIV_0000000015,BHR,2010,0.0,
HIV_0000000015,YEM,2015,5.0,
HIV_0000000015,BIH,2011,0.0,
HIV_0000000015,MWI,2014,35215.0,
HIV_0000000015,SYC,2021,,
HIV_0000000015,ESP,2017,,
HIV_0000000015,CHL,2014,,
HIV_0000000015,MHL,2010,,
HIV_0000000015,TON,2020,,
HIV_0000000015,TUV,2020,,
HIV_0000000015,SLV,2018,108.0,
HIV_0000000015,NRU,2013,,
HIV_0000000015,SDN,2011,76.0,
HIV_0000000015,SVN,2013,,
HIV_0000000015,PHL,2011,18.0,
HIV_0000000015,ZAF,2016,297646.0,
HIV_0000000015,MAR,2015,171.0,
HIV_0000000015,MUS,2020,,
HIV_0000000015,LVA,2021,,
HIV_0000000015,MRT,2019,88.0,
HIV_0000000015,ECU,2012,312.0,
HIV_0000000015,TCD,2021,6133.0,
HIV_0000000015,TON,2021,,
HIV_0000000015,GEO,2020,40.0,
HIV_0000000015,DOM,2015,894.0,
HIV_0000000015,UGA,2016,96045.0,
HIV_0000000015,SSD,2014,1847.0,
HIV_0000000015,BOL,2019,484.0,
HIV_0000000015,KNA,2017,,
HIV_0000000015,TUV,2017,,
HIV_0000000015,GAB,2017,1829.0,
HIV_0000000015,COK,2014,,
HIV_0000000015,BLR,2014,,
HIV_0000000015,AZE,2021,53.0,
HIV_0000000015,UZB,2013,580.0,
HIV_0000000015,BHS,2019,48.0,
HIV_0000000015,VCT,2017,,
HIV_0000000015,BHR,2021,0.0,
HIV_0000000015,COG,2022,1526.0,
HIV_0000000015,SGP,2014,20.0,
HIV_0000000015,AND,2021,,
HIV_0000000015,UGA,2018,94102.0,
HIV_0000000015,WPR,2014,8000.0,
HIV_0000000015,MHL,2018,,
HIV_0000000015,KGZ,2012,86.0,
HIV_0000000015,VNM,2015,1692.0,
HIV_0000000015,BIH,2016,0.0,
HIV_0000000015,PHL,2010,12.0,
HIV_0000000015,NER,2020,647.0,
HIV_0000000015,JPN,2019,,
HIV_0000000015,KEN,2013,44558.0,
HIV_0000000015,TZA,2015,68697.0,
HIV_0000000015,LVA,2016,,
HIV_0000000015,ETH,2013,17969.0,
HIV_0000000015,ESP,2010,,
HIV_0000000015,GTM,2012,256.0,
HIV_0000000015,URY,2014,,
HIV_0000000015,EMR,2013,720.0,
HIV_0000000015,BLR,2017,,
HIV_0000000015,GUY,2014,155.0,
HIV_0000000015,TGO,2016,4862.0,
HIV_0000000015,CUB,2015,157.0,
HIV_0000000015,FRA,2013,,
HIV_0000000015,BWA,2022,9625.0,
HIV_0000000015,AUT,2015,,
HIV_0000000015,BRN,2011,,
HIV_0000000015,CZE,2021,,
HIV_0000000015,SAU,2011,29.0,
HIV_0000000015,JAM,2010,385.0,
HIV_0000000015,TUN,2019,19.0,
HIV_0000000015,SWZ,2019,10433.0,
HIV_0000000015,PAN,2013,191.0,
HIV_0000000015,MDG,2013,62.0,
HIV_0000000015,RWA,2019,8103.0,
HIV_0000000015,BRN,2022,,
HIV_0000000015,HTI,2011,3849.0,
HIV_0000000015,ATG,2016,,
HIV_0000000015,PRK,2018,,
HIV_0000000015,GBR,2014,,
HIV_0000000015,NRU,2017,,
HIV_0000000015,ZMB,2013,45272.0,
HIV_0000000015,WPR,2012,6800.0,
HIV_0000000015,MCO,2015,,
HIV_0000000015,PAN,2017,201.0,
HIV_0000000015,DJI,2016,83.0,
HIV_0000000015,GRD,2018,,
HIV_0000000015,CYP,2016,,
HIV_0000000015,DMA,2021,,
HIV_0000000015,SAU,2010,0.0,
HIV_0000000015,BLZ,2014,55.0,
HIV_0000000015,KWT,2013,1.0,
HIV_0000000015,HUN,2022,,
HIV_0000000015,BLR,2022,,
HIV_0000000015,SYR,2010,0.0,
HIV_0000000015,RWA,2022,6624.0,
HIV_0000000015,CYP,2014,,
HIV_0000000015,MHL,2020,,
HIV_0000000015,BDI,2015,,
HIV_0000000015,BWA,2015,11096.0,
HIV_0000000015,VEN,2016,504.0,
HIV_0000000015,HTI,2021,4020.0,
HIV_0000000015,CHN,2021,,
HIV_0000000015,JOR,2021,0.0,
HIV_0000000015,UKR,2011,3592.0,
HIV_0000000015,TZA,2021,68933.0,
HIV_0000000015,MOZ,2016,95327.0,
HIV_0000000015,GEO,2021,52.0,
HIV_0000000015,TJK,2019,189.0,
HIV_0000000015,SYC,2018,,
HIV_0000000015,BGR,2018,,
HIV_0000000015,TUN,2016,13.0,
HIV_0000000015,MDG,2017,107.0,
HIV_0000000015,NGA,2021,34600.0,
HIV_0000000015,TKM,2015,,
HIV_0000000015,CUB,2021,179.0,
HIV_0000000015,ALB,2022,,
HIV_0000000015,IRN,2022,143.0,
HIV_0000000015,WPR,2016,8100.0,
HIV_0000000015,AMR,2018,27000.0,
HIV_0000000015,URY,2010,,
HIV_0000000015,GBR,2017,,
HIV_0000000015,PRY,2019,254.0,
HIV_0000000015,COL,2014,864.0,
HIV_0000000015,HUN,2017,,
HIV_0000000015,LAO,2015,35.0,
HIV_0000000015,HUN,2016,,
HIV_0000000015,LVA,2022,,
HIV_0000000015,TUR,2010,,
HIV_0000000015,KAZ,2022,463.0,
HIV_0000000015,UKR,2021,2124.0,
HIV_0000000015,NZL,2020,,
HIV_0000000015,DJI,2017,50.0,
HIV_0000000015,VEN,2017,398.0,
HIV_0000000015,GIN,2015,0.0,
HIV_0000000015,IRQ,2015,0.0,
HIV_0000000015,BHR,2017,0.0,
HIV_0000000015,ZAF,2013,324008.0,
HIV_0000000015,GNQ,2018,1277.0,
HIV_0000000015,EGY,2011,7.0,
HIV_0000000015,CMR,2017,23098.0,
HIV_0000000015,GAB,2021,1694.0,
HIV_0000000015,TTO,2014,134.0,
HIV_0000000015,DZA,2016,206.0,
HIV_0000000015,DMA,2011,,
HIV_0000000015,NRU,2018,,
HIV_0000000015,MCO,2016,,
HIV_0000000015,IDN,2015,986.0,
HIV_0000000015,CHN,2011,,
HIV_0000000015,GTM,2022,298.0,
HIV_0000000015,MNG,2018,3.0,
HIV_0000000015,GHA,2012,8957.0,
HIV_0000000015,JPN,2018,,
HIV_0000000015,GNB,2018,1001.0,
HIV_0000000015,CHE,2021,,
HIV_0000000015,ERI,2020,194.0,
HIV_0000000015,SVN,2012,,
HIV_0000000015,BEL,2016,,
HIV_0000000015,NPL,2013,142.0,
HIV_0000000015,SRB,2017,,
HIV_0000000015,ITA,2018,,
HIV_0000000015,DEU,2012,,
HIV_0000000015,ECU,2020,450.0,
HIV_0000000015,BFA,2013,3369.0,
HIV_0000000015,ITA,2017,,
HIV_0000000015,PER,2015,681.0,
HIV_0000000015,CPV,2016,94.0,
HIV_0000000015,TJK,2018,219.0,
HIV_0000000015,GRD,2022,,
HIV_0000000015,AND,2019,,
HIV_0000000015,LBY,2014,0.0,
HIV_0000000015,MEX,2012,,
HIV_0000000015,QAT,2022,2.0,
HIV_0000000015,THA,2022,2687.0,
HIV_0000000015,BEN,2016,4965.0,
HIV_0000000015,GUY,2018,150.0,
HIV_0000000015,ERI,2019,185.0,
HIV_0000000015,TZA,2018,76465.0,
HIV_0000000015,MNE,2012,,
HIV_0000000015,LCA,2012,,
HIV_0000000015,DMA,2013,,
HIV_0000000015,CYP,2018,,
HIV_0000000015,NLD,2016,,
HIV_0000000015,AFR,2014,1000000.0,
HIV_0000000015,PRT,2012,,
HIV_0000000015,BRN,2014,,
HIV_0000000015,PNG,2013,448.0,
HIV_0000000015,SSD,2020,4462.0,
HIV_0000000015,MAR,2011,124.0,
HIV_0000000015,MWI,2019,40584.0,
HIV_0000000015,GLOBAL,2012,950000.0,
HIV_0000000015,ESP,2013,,
HIV_0000000015,CMR,2013,23173.0,
HIV_0000000015,PAK,2011,67.0,
HIV_0000000015,PRK,2015,,
HIV_0000000015,NPL,2021,175.0,
HIV_0000000015,BEN,2012,1281.0,
HIV_0000000015,NER,2018,941.0,
HIV_0000000015,UKR,2013,3548.0,
HIV_0000000015,SEN,2013,1358.0,
HIV_0000000015,PER,2018,907.0,
HIV_0000000015,AMR,2011,23000.0,
HIV_0000000015,TUR,2021,,
HIV_0000000015,LBY,2020,63.0,
HIV_0000000015,GLOBAL,2017,1100000.0,
HIV_0000000015,LKA,2016,16.0,
HIV_0000000015,LCA,2014,,
HIV_0000000015,ISL,2010,,
HIV_0000000015,EST,2012,,
HIV_0000000015,PLW,2012,,
HIV_0000000015,VUT,2013,,
HIV_0000000015,NER,2016,1541.0,
HIV_0000000015,SLB,2018,,
HIV_0000000015,TJK,2015,167.0,
HIV_0000000015,GRC,2022,,
HIV_0000000015,BEL,2011,,
HIV_0000000015,BTN,2016,8.0,
HIV_0000000015,MEX,2010,,
HIV_0000000015,SOM,2018,88.0,
HIV_0000000015,SAU,2020,42.0,
HIV_0000000015,BEL,2010,,
HIV_0000000015,BLR,2021,,
HIV_0000000015,COG,2021,1568.0,
HIV_0000000015,BEL,2020,,
HIV_0000000015,MLI,2014,2362.0,
HIV_0000000015,HRV,2020,,
HIV_0000000015,BOL,2016,345.0,
HIV_0000000015,ARG,2011,,
HIV_0000000015,MDG,2018,279.0,
HIV_0000000015,SYC,2022,,
HIV_0000000015,TGO,2020,3622.0,
HIV_0000000015,HND,2020,130.0,
HIV_0000000015,IRL,2022,,
HIV_0000000015,LBR,2012,850.0,
HIV_0000000015,USA,2018,,
HIV_0000000015,BFA,2014,4285.0,
HIV_0000000015,TUR,2014,,
HIV_0000000015,JAM,2022,369.0,
HIV_0000000015,GTM,2010,284.0,
HIV_0000000015,MLT,2022,,
HIV_0000000015,LCA,2016,,
HIV_0000000015,COG,2017,698.0,
HIV_0000000015,GHA,2017,10568.0,
HIV_0000000015,SWZ,2021,9116.0,
HIV_0000000015,CAF,2018,3186.0,
HIV_0000000015,SAU,2013,41.0,
HIV_0000000015,USA,2011,,
HIV_0000000015,MKD,2012,,
HIV_0000000015,BRA,2021,,
HIV_0000000015,GNB,2016,1468.0,
HIV_0000000015,EGY,2014,32.0,
HIV_0000000015,ROU,2014,,
HIV_0000000015,GRC,2015,,
HIV_0000000015,IRN,2017,186.0,
HIV_0000000015,LSO,2013,10126.0,
HIV_0000000015,EST,2016,,
HIV_0000000015,GMB,2017,732.0,
HIV_0000000015,ITA,2022,,
HIV_0000000015,USA,2012,,
HIV_0000000015,PHL,2013,14.0,
HIV_0000000015,BGD,2022,22.0,
HIV_0000000015,AUT,2014,,
HIV_0000000015,GIN,2022,3211.0,
HIV_0000000015,KHM,2014,722.0,
HIV_0000000015,CIV,2011,10626.0,
HIV_0000000015,HRV,2016,,
HIV_0000000015,TTO,2011,213.0,
HIV_0000000015,GEO,2012,24.0,
HIV_0000000015,NIU,2018,,
HIV_0000000015,GMB,2022,694.0,
HIV_0000000015,CIV,2022,11989.0,
HIV_0000000015,AUT,2013,,
HIV_0000000015,MYS,2011,288.0,
HIV_0000000015,SLE,2015,3212.0,
HIV_0000000015,BIH,2017,0.0,
HIV_0000000015,BRN,2013,,
HIV_0000000015,LBY,2015,0.0,
HIV_0000000015,NAM,2017,12627.0,
HIV_0000000015,AZE,2022,48.0,
HIV_0000000015,EST,2017,,
HIV_0000000015,PHL,2018,67.0,
HIV_0000000015,BEL,2015,,
HIV_0000000015,AFG,2014,8.0,
HIV_0000000015,THA,2011,8051.0,
HIV_0000000015,EUR,2010,19000.0,
HIV_0000000015,FRA,2012,,
HIV_0000000015,ERI,2012,357.0,
HIV_0000000015,SDN,2010,87.0,
HIV_0000000015,ZMB,2019,50431.0,
HIV_0000000015,LBY,2011,0.0,
HIV_0000000015,SLE,2021,6073.0,
HIV_0000000015,KWT,2010,8.0,
HIV_0000000015,RUS,2010,,
HIV_0000000015,FSM,2015,,
HIV_0000000015,THA,2012,7332.0,
HIV_0000000015,KAZ,2016,377.0,
HIV_0000000015,ZMB,2016,47801.0,
HIV_0000000015,JAM,2021,379.0,
HIV_0000000015,GRC,2019,,
HIV_0000000015,AFG,2020,26.0,
HIV_0000000015,GRC,2020,,
HIV_0000000015,WSM,2010,,
HIV_0000000015,ATG,2014,,
HIV_0000000015,HND,2016,174.0,
HIV_0000000015,GHA,2011,8057.0,
HIV_0000000015,IND,2013,,
HIV_0000000015,JPN,2012,,
HIV_0000000015,COD,2011,984.0,
HIV_0000000015,NAM,2018,12531.0,
HIV_0000000015,GTM,2015,197.0,
HIV_0000000015,THA,2018,4058.0,
HIV_0000000015,MLT,2017,,
HIV_0000000015,SGP,2022,,
HIV_0000000015,GUY,2021,195.0,
HIV_0000000015,ALB,2018,,
HIV_0000000015,BGD,2021,38.0,
HIV_0000000015,BHS,2015,52.0,
HIV_0000000015,CHE,2012,,
HIV_0000000015,PHL,2015,32.0,
HIV_0000000015,CAF,2022,3097.0,
HIV_0000000015,TON,2018,,
HIV_0000000015,LSO,2015,10495.0,
HIV_0000000015,SLB,2017,,
HIV_0000000015,ECU,2022,633.0,
HIV_0000000015,SLE,2012,3018.0,
HIV_0000000015,LTU,2011,,
HIV_0000000015,SUR,2017,105.0,
HIV_0000000015,AFG,2011,2.0,
HIV_0000000015,AMR,2015,26000.0,
HIV_0000000015,BGR,2020,,
HIV_0000000015,MNE,2010,,
HIV_0000000015,TJK,2020,212.0,
HIV_0000000015,LBN,2018,2.0,
HIV_0000000015,CHE,2013,,
HIV_0000000015,NAM,2020,14951.0,
HIV_0000000015,LCA,2010,,
HIV_0000000015,PRK,2013,,
HIV_0000000015,ALB,2015,,
HIV_0000000015,MDA,2013,146.0,
HIV_0000000015,URY,2017,,
HIV_0000000015,SDN,2015,114.0,
HIV_0000000015,KAZ,2011,257.0,
HIV_0000000015,COK,2017,,
HIV_0000000015,POL,2012,,
HIV_0000000015,HTI,2022,3679.0,
HIV_0000000015,ITA,2012,,
HIV_0000000015,SLE,2013,2686.0,
HIV_0000000015,QAT,2010,0.0,
HIV_0000000015,EMR,2012,630.0,
HIV_0000000015,SWE,2010,,
HIV_0000000015,UGA,2022,83367.0,
HIV_0000000015,CUB,2019,187.0,
HIV_0000000015,MNE,2013,,
HIV_0000000015,LAO,2011,49.0,
HIV_0000000015,SVK,2013,,
HIV_0000000015,MCO,2011,,
HIV_0000000015,LTU,2017,,
HIV_0000000015,LUX,2010,,
HIV_0000000015,SWE,2021,,
HIV_0000000015,BHR,2016,0.0,
HIV_0000000015,GNB,2015,1571.0,
HIV_0000000015,IDN,2011,171.0,
HIV_0000000015,BTN,2020,9.0,
HIV_0000000015,LCA,2022,,
HIV_0000000015,SVN,2016,,
HIV_0000000015,YEM,2017,7.0,
HIV_0000000015,EMR,2015,920.0,
HIV_0000000015,JOR,2013,2.0,
HIV_0000000015,PAK,2018,322.0,
HIV_0000000015,ATG,2011,,
HIV_0000000015,AZE,2012,23.0,
HIV_0000000015,CAF,2012,2742.0,
HIV_0000000015,SLV,2011,115.0,
HIV_0000000015,BDI,2013,,
HIV_0000000015,GBR,2012,,
HIV_0000000015,SWZ,2014,9491.0,
HIV_0000000015,SAU,2014,35.0,
HIV_0000000015,KOR,2014,,
HIV_0000000015,AMR,2010,20000.0,
HIV_0000000015,CHL,2011,,
HIV_0000000015,ARM,2022,50.0,
HIV_0000000015,SLE,2016,3328.0,
HIV_0000000015,ISR,2022,,
HIV_0000000015,TKM,2010,,
HIV_0000000015,NER,2019,794.0,
HIV_0000000015,TUR,2015,,
HIV_0000000015,MMR,2011,2344.0,
HIV_0000000015,GRD,2010,,
HIV_0000000015,KNA,2012,,
HIV_0000000015,DEU,2021,,
HIV_0000000015,IRL,2020,,
HIV_0000000015,POL,2016,,
HIV_0000000015,AUT,2012,,
HIV_0000000015,KGZ,2015,87.0,
HIV_0000000015,HUN,2018,,
HIV_0000000015,AMR,2012,25000.0,
HIV_0000000015,EUR,2019,26000.0,
HIV_0000000015,THA,2015,5433.0,
HIV_0000000015,TLS,2019,19.0,
HIV_0000000015,PRK,2011,,
HIV_0000000015,FIN,2022,,
HIV_0000000015,KHM,2015,768.0,
HIV_0000000015,USA,2022,,
HIV_0000000015,UZB,2016,548.0,
HIV_0000000015,COL,2011,727.0,
HIV_0000000015,MWI,2021,36788.0,
HIV_0000000015,STP,2014,39.0,
HIV_0000000015,CRI,2021,86.0,
HIV_0000000015,NER,2021,625.0,
HIV_0000000015,NZL,2021,,
HIV_0000000015,MKD,2013,,
HIV_0000000015,NLD,2022,,
HIV_0000000015,CHN,2022,,
HIV_0000000015,KEN,2020,53980.0,
HIV_0000000015,UKR,2012,3634.0,
HIV_0000000015,GBR,2015,,
HIV_0000000015,NIC,2011,124.0,
HIV_0000000015,AND,2015,,
HIV_0000000015,BEN,2022,5549.0,
HIV_0000000015,TJK,2013,103.0,
HIV_0000000015,BWA,2013,12290.0,
HIV_0000000015,DOM,2011,1074.0,
HIV_0000000015,POL,2015,,
HIV_0000000015,MDV,2019,0.0,
HIV_0000000015,VCT,2016,,
HIV_0000000015,QAT,2020,3.0,
HIV_0000000015,FJI,2017,39.0,
HIV_0000000015,ECU,2013,318.0,
HIV_0000000015,NRU,2016,,
HIV_0000000015,CMR,2018,21716.0,
HIV_0000000015,FRA,2014,,
HIV_0000000015,BRA,2018,,
HIV_0000000015,GNQ,2011,146.0,
HIV_0000000015,HUN,2020,,
HIV_0000000015,CYP,2022,,
HIV_0000000015,MHL,2021,,
HIV_0000000015,AFR,2018,1000000.0,
HIV_0000000015,COD,2010,,
HIV_0000000015,SEN,2016,1353.0,
HIV_0000000015,MHL,2012,,
HIV_0000000015,MRT,2014,182.0,
HIV_0000000015,CAF,2019,4029.0,
HIV_0000000015,FIN,2015,,
HIV_0000000015,AZE,2015,56.0,
HIV_0000000015,PLW,2019,,
HIV_0000000015,TUR,2022,,
HIV_0000000015,JPN,2016,,
HIV_0000000015,COD,2012,0.0,
HIV_0000000015,GIN,2013,3921.0,
HIV_0000000015,ESP,2021,,
HIV_0000000015,PER,2017,774.0,
HIV_0000000015,EST,2021,,
HIV_0000000015,QAT,2011,0.0,
HIV_0000000015,GIN,2012,1961.0,
HIV_0000000015,FJI,2022,30.0,
HIV_0000000015,ZAF,2020,285641.0,
HIV_0000000015,LSO,2019,7611.0,
HIV_0000000015,MDV,2013,0.0,
HIV_0000000015,SSD,2017,5358.0,
HIV_0000000015,PAN,2020,151.0,
HIV_0000000015,SDN,2019,68.0,
HIV_0000000015,KGZ,2020,168.0,
HIV_0000000015,BLR,2013,,
HIV_0000000015,KIR,2013,,
HIV_0000000015,AUT,2021,,
HIV_0000000015,VEN,2014,535.0,
HIV_0000000015,MCO,2020,,
HIV_0000000015,MCO,2017,,
HIV_0000000015,ALB,2011,,
HIV_0000000015,GIN,2019,3041.0,
HIV_0000000015,CIV,2012,13294.0,
HIV_0000000015,BTN,2012,8.0,
HIV_0000000015,DJI,2021,46.0,
HIV_0000000015,FSM,2020,,
HIV_0000000015,FJI,2018,39.0,
HIV_0000000015,CZE,2013,,
HIV_0000000015,IRL,2011,,
HIV_0000000015,MLI,2021,2247.0,
HIV_0000000015,BRA,2015,,
HIV_0000000015,GEO,2018,31.0,
HIV_0000000015,BWA,2017,11934.0,
HIV_0000000015,TGO,2012,4411.0,
HIV_0000000015,GIN,2010,1074.0,
HIV_0000000015,TUV,2016,,
HIV_0000000015,PNG,2022,1239.0,
HIV_0000000015,ETH,2019,16416.0,
HIV_0000000015,AGO,2021,18693.0,
HIV_0000000015,MWI,2022,32950.0,
HIV_0000000015,LUX,2014,,
HIV_0000000015,CRI,2014,47.0,
HIV_0000000015,ISL,2020,,
HIV_0000000015,ETH,2011,10102.0,
HIV_0000000015,MDA,2019,199.0,
HIV_0000000015,TUR,2011,,
HIV_0000000015,KHM,2012,667.0,
HIV_0000000015,NER,2013,1301.0,
HIV_0000000015,NIU,2013,,
HIV_0000000015,PAK,2015,206.0,
HIV_0000000015,ARG,2016,,
HIV_0000000015,KHM,2021,472.0,
HIV_0000000015,GIN,2014,0.0,
HIV_0000000015,RWA,2020,7783.0,
HIV_0000000015,RWA,2021,7194.0,
HIV_0000000015,PRT,2010,,
HIV_0000000015,HRV,2021,,
HIV_0000000015,KEN,2019,59304.0,
HIV_0000000015,COL,2010,621.0,
HIV_0000000015,BFA,2020,4326.0,
HIV_0000000015,VCT,2011,,
HIV_0000000015,NPL,2011,103.0,
HIV_0000000015,CYP,2013,,
HIV_0000000015,PRT,2013,,
HIV_0000000015,EST,2010,,
HIV_0000000015,DMA,2022,,
HIV_0000000015,NIC,2015,130.0,
HIV_0000000015,ARG,2017,,
HIV_0000000015,SLB,2020,,
HIV_0000000015,TUR,2017,,
HIV_0000000015,STP,2013,25.0,
HIV_0000000015,COD,2016,15413.0,
HIV_0000000015,MUS,2010,,
HIV_0000000015,SVK,2014,,
HIV_0000000015,KNA,2016,,
HIV_0000000015,PNG,2016,583.0,
HIV_0000000015,DOM,2022,1169.0,
HIV_0000000015,CUB,2022,186.0,
HIV_0000000015,FIN,2011,,
HIV_0000000015,EUR,2016,24000.0,
HIV_0000000015,AFG,2018,18.0,
HIV_0000000015,SDN,2021,51.0,
HIV_0000000015,MMR,2022,1929.0,
HIV_0000000015,HTI,2018,4909.0,
HIV_0000000015,MRT,2020,50.0,
HIV_0000000015,ETH,2020,17164.0,
HIV_0000000015,AGO,2015,8398.0,
HIV_0000000015,PAK,2020,126.0,
HIV_0000000015,PLW,2018,,
HIV_0000000015,IND,2010,,
HIV_0000000015,CHE,2014,,
HIV_0000000015,KHM,2022,528.0,
HIV_0000000015,HTI,2014,4504.0,
HIV_0000000015,EST,2015,,
HIV_0000000015,PRT,2015,,
HIV_0000000015,TGO,2019,4284.0,
HIV_0000000015,NGA,2022,32276.0,
HIV_0000000015,RWA,2016,8506.0,
HIV_0000000015,BRB,2022,19.0,
HIV_0000000015,LCA,2021,,
HIV_0000000015,BHS,2021,28.0,
HIV_0000000015,FSM,2016,,
HIV_0000000015,TZA,2011,53031.0,
HIV_0000000015,PRY,2010,,
HIV_0000000015,SRB,2021,,
HIV_0000000015,THA,2019,3638.0,
HIV_0000000015,ARE,2019,0.0,
HIV_0000000015,AZE,2017,67.0,
HIV_0000000015,CUB,2012,139.0,
HIV_0000000015,CMR,2019,17068.0,
HIV_0000000015,VEN,2019,267.0,
HIV_0000000015,BWA,2020,12171.0,
HIV_0000000015,LBR,2021,1856.0,
HIV_0000000015,SLV,2019,119.0,
HIV_0000000015,BLZ,2018,49.0,
HIV_0000000015,CAF,2011,2552.0,
HIV_0000000015,FIN,2016,,
HIV_0000000015,NZL,2011,,
HIV_0000000015,DZA,2015,112.0,
HIV_0000000015,MNE,2022,,
HIV_0000000015,BWA,2012,12304.0,
HIV_0000000015,SOM,2013,22.0,
HIV_0000000015,URY,2020,,
HIV_0000000015,SLE,2010,1805.0,
HIV_0000000015,COK,2020,,
HIV_0000000015,LKA,2015,11.0,
HIV_0000000015,FSM,2017,,
HIV_0000000015,KEN,2015,59024.0,
HIV_0000000015,GAB,2019,1941.0,
HIV_0000000015,BIH,2019,0.0,
HIV_0000000015,MMR,2015,3675.0,
HIV_0000000015,ATG,2021,,
HIV_0000000015,NRU,2022,,
HIV_0000000015,PER,2010,402.0,
HIV_0000000015,DNK,2019,,
HIV_0000000015,LBN,2020,5.0,
HIV_0000000015,SWE,2011,,
HIV_0000000015,PRK,2012,,
HIV_0000000015,BLZ,2019,40.0,
HIV_0000000015,AMR,2014,26000.0,
HIV_0000000015,ISL,2021,,
HIV_0000000015,MCO,2018,,
HIV_0000000015,MNG,2022,2.0,
HIV_0000000015,IND,2020,,
HIV_0000000015,GNQ,2020,958.0,
HIV_0000000015,CRI,2012,0.0,
HIV_0000000015,MMR,2010,1940.0,
HIV_0000000015,COL,2018,736.0,
HIV_0000000015,BHS,2011,41.0,
HIV_0000000015,URY,2016,,
HIV_0000000015,AFR,2012,880000.0,
HIV_0000000015,CPV,2017,78.0,
HIV_0000000015,PRK,2021,,
HIV_0000000015,BGR,2019,,
HIV_0000000015,CAF,2016,3901.0,
HIV_0000000015,MNE,2015,,
HIV_0000000015,MNG,2011,1.0,
HIV_0000000015,SAU,2015,49.0,
HIV_0000000015,NGA,2013,51423.0,
HIV_0000000015,TKM,2018,,
HIV_0000000015,DMA,2018,,
HIV_0000000015,HRV,2022,,
HIV_0000000015,PRT,2020,,
HIV_0000000015,DMA,2014,,
HIV_0000000015,COM,2011,1.0,
HIV_0000000015,AMR,2022,25000.0,
HIV_0000000015,NLD,2021,,
HIV_0000000015,TKM,2022,,
HIV_0000000015,SWE,2012,,
HIV_0000000015,TTO,2012,212.0,
HIV_0000000015,QAT,2021,2.0,
HIV_0000000015,GRC,2012,,
HIV_0000000015,TUN,2015,18.0,
HIV_0000000015,PAN,2021,197.0,
HIV_0000000015,NAM,2016,11838.0,
HIV_0000000015,PER,2011,601.0,
HIV_0000000015,LBY,2010,0.0,
HIV_0000000015,MNG,2016,4.0,
HIV_0000000015,DEU,2018,,
HIV_0000000015,DOM,2021,877.0,
HIV_0000000015,TTO,2010,176.0,
HIV_0000000015,AND,2013,,
HIV_0000000015,POL,2019,,
HIV_0000000015,AZE,2020,63.0,
HIV_0000000015,SDN,2014,109.0,
HIV_0000000015,EMR,2018,1200.0,
HIV_0000000015,CPV,2013,,
HIV_0000000015,SLV,2015,158.0,
HIV_0000000015,EST,2014,,
HIV_0000000015,NGA,2011,32319.0,
HIV_0000000015,RWA,2010,6913.0,
HIV_0000000015,BRN,2015,,
HIV_0000000015,BEN,2019,5643.0,
HIV_0000000015,SOM,2014,34.0,
HIV_0000000015,USA,2017,,
HIV_0000000015,KWT,2019,8.0,
HIV_0000000015,KNA,2020,,
HIV_0000000015,UKR,2010,3339.0,
HIV_0000000015,NRU,2011,,
HIV_0000000015,CPV,2012,,
HIV_0000000015,NIC,2010,92.0,
HIV_0000000015,ROU,2011,,
HIV_0000000015,EMR,2021,1500.0,
HIV_0000000015,PRK,2020,,
HIV_0000000015,MMR,2012,2720.0,
HIV_0000000015,GHA,2022,14106.0,
HIV_0000000015,VCT,2010,,
HIV_0000000015,MYS,2014,298.0,
HIV_0000000015,LSO,2017,7525.0,
HIV_0000000015,ETH,2018,16421.0,
HIV_0000000015,CHN,2013,,
HIV_0000000015,NIC,2012,145.0,
HIV_0000000015,EGY,2017,54.0,
HIV_0000000015,BRN,2016,,
HIV_0000000015,SLV,2013,183.0,
HIV_0000000015,MKD,2015,,
HIV_0000000015,DZA,2017,264.0,
HIV_0000000015,LBN,2011,1.0,
HIV_0000000015,TON,2016,,
HIV_0000000015,EMR,2019,1300.0,
HIV_0000000015,PRY,2021,219.0,
HIV_0000000015,TON,2015,,
HIV_0000000015,MDV,2021,0.0,
HIV_0000000015,PLW,2015,,
HIV_0000000015,BFA,2012,3228.0,
HIV_0000000015,KAZ,2010,215.0,
HIV_0000000015,ISR,2017,,
HIV_0000000015,ARM,2010,16.0,
HIV_0000000015,SUR,2014,128.0,
HIV_0000000015,ARG,2013,,
HIV_0000000015,ZWE,2018,59621.0,
HIV_0000000015,MRT,2022,55.0,
HIV_0000000015,TZA,2010,40939.0,
HIV_0000000015,ETH,2017,15044.0,
HIV_0000000015,TUV,2018,,
HIV_0000000015,VEN,2011,314.0,
HIV_0000000015,GLOBAL,2010,660000.0,
HIV_0000000015,ROU,2018,,
HIV_0000000015,SAU,2021,42.0,
HIV_0000000015,TCD,2022,5376.0,
HIV_0000000015,MDG,2020,259.0,
HIV_0000000015,KEN,2022,46361.0,
HIV_0000000015,ROU,2019,,
HIV_0000000015,ZAF,2017,295782.0,
HIV_0000000015,SGP,2019,11.0,
HIV_0000000015,QAT,2014,0.0,
HIV_0000000015,ETH,2010,6833.0,
HIV_0000000015,GRC,2021,,
HIV_0000000015,JOR,2022,1.0,
HIV_0000000015,FJI,2012,20.0,
HIV_0000000015,CUB,2014,97.0,
HIV_0000000015,BIH,2012,1.0,
HIV_0000000015,FJI,2014,17.0,
HIV_0000000015,EMR,2017,1100.0,
HIV_0000000015,ZWE,2022,43856.0,
HIV_0000000015,BDI,2017,,
HIV_0000000015,BDI,2014,,
HIV_0000000015,CAN,2014,,
HIV_0000000015,TUN,2014,27.0,
HIV_0000000015,MDA,2012,141.0,
HIV_0000000015,LVA,2019,,
HIV_0000000015,KIR,2012,,
HIV_0000000015,TKM,2021,,
HIV_0000000015,POL,2020,,
HIV_0000000015,YEM,2010,14.0,
HIV_0000000015,KEN,2018,57523.0,
HIV_0000000015,BIH,2014,0.0,
HIV_0000000015,BRA,2019,,
HIV_0000000015,MOZ,2015,99823.0,
HIV_0000000015,CHE,2017,,
HIV_0000000015,LCA,2018,,
HIV_0000000015,TON,2014,,
HIV_0000000015,BGD,2010,19.0,
HIV_0000000015,COK,2018,,
HIV_0000000015,BGD,2011,9.0,
HIV_0000000015,ISR,2019,,
HIV_0000000015,GTM,2017,236.0,
HIV_0000000015,CIV,2014,17763.0,
HIV_0000000015,DEU,2010,,
HIV_0000000015,TON,2022,,
HIV_0000000015,COD,2021,11331.0,
HIV_0000000015,QAT,2018,2.0,
HIV_0000000015,VUT,2014,,
HIV_0000000015,BOL,2015,284.0,
HIV_0000000015,ZWE,2010,21140.0,
HIV_0000000015,ARE,2014,0.0,
HIV_0000000015,SEAR,2015,21000.0,
HIV_0000000015,SVN,2014,,
HIV_0000000015,SYR,2016,2.0,
HIV_0000000015,TTO,2016,140.0,
HIV_0000000015,PAN,2019,159.0,
HIV_0000000015,SOM,2010,2.0,
HIV_0000000015,LSO,2016,9588.0,
HIV_0000000015,PLW,2022,,
HIV_0000000015,PER,2022,1136.0,
HIV_0000000015,PLW,2017,,
HIV_0000000015,CMR,2022,15952.0,
HIV_0000000015,ZWE,2011,35948.0,
HIV_0000000015,SVN,2022,,
HIV_0000000015,MDV,2012,0.0,
HIV_0000000015,AUS,2012,,
HIV_0000000015,TZA,2019,73968.0,
HIV_0000000015,GLOBAL,2022,990000.0,
HIV_0000000015,SRB,2016,,
HIV_0000000015,NIU,2014,,
HIV_0000000015,SVK,2011,,
HIV_0000000015,ALB,2019,,
HIV_0000000015,IRN,2015,130.0,
HIV_0000000015,LBY,2019,64.0,
HIV_0000000015,POL,2018,,
HIV_0000000015,FIN,2010,,
HIV_0000000015,ARE,2011,0.0,
HIV_0000000015,NER,2012,1334.0,
HIV_0000000015,CHN,2019,,
HIV_0000000015,SUR,2013,120.0,
HIV_0000000015,JOR,2011,2.0,
HIV_0000000015,OMN,2014,25.0,
HIV_0000000015,MDA,2018,183.0,
HIV_0000000015,EUR,2022,27000.0,
HIV_0000000015,BRA,2011,,
HIV_0000000015,ITA,2019,,
HIV_0000000015,ISR,2016,,
HIV_0000000015,LUX,2018,,
HIV_0000000015,SSD,2011,939.0,
HIV_0000000015,MKD,2018,,
HIV_0000000015,LBN,2019,2.0,
HIV_0000000015,BRN,2021,,
HIV_0000000015,USA,2013,,
HIV_0000000015,LVA,2014,,
HIV_0000000015,TTO,2015,113.0,
HIV_0000000015,KWT,2016,2.0,
HIV_0000000015,CAN,2010,,
HIV_0000000015,BOL,2020,424.0,
HIV_0000000015,GLOBAL,2013,1000000.0,
HIV_0000000015,LBN,2010,0.0,
HIV_0000000015,AMR,2013,26000.0,
HIV_0000000015,NPL,2010,70.0,
HIV_0000000015,MAR,2014,206.0,
HIV_0000000015,KWT,2022,11.0,
HIV_0000000015,SGP,2010,22.0,
HIV_0000000015,LBR,2011,809.0,
HIV_0000000015,DNK,2020,,
HIV_0000000015,SOM,2020,103.0,
HIV_0000000015,SAU,2019,38.0,
HIV_0000000015,QAT,2015,1.0,
HIV_0000000015,PRT,2016,,
HIV_0000000015,MEX,2020,,
HIV_0000000015,PER,2016,739.0,
HIV_0000000015,BHR,2020,0.0,
HIV_0000000015,UZB,2014,536.0,
HIV_0000000015,GLOBAL,2020,1100000.0,
HIV_0000000015,ARM,2016,37.0,
HIV_0000000015,LAO,2019,67.0,
HIV_0000000015,BHR,2014,0.0,
HIV_0000000015,TKM,2011,,
HIV_0000000015,CPV,2014,,
HIV_0000000015,BOL,2011,168.0,
HIV_0000000015,WSM,2015,,
HIV_0000000015,NZL,2022,,
HIV_0000000015,GHA,2021,15597.0,
HIV_0000000015,CAN,2017,,
HIV_0000000015,JOR,2010,0.0,
HIV_0000000015,PNG,2012,328.0,
HIV_0000000015,ROU,2015,,
HIV_0000000015,ZAF,2021,277544.0,
HIV_0000000015,MNG,2014,2.0,
HIV_0000000015,CUB,2017,151.0,
HIV_0000000015,TCD,2011,1930.0,
HIV_0000000015,WPR,2010,5900.0,
HIV_0000000015,IRQ,2022,9.0,
HIV_0000000015,HND,2015,175.0,
HIV_0000000015,AFG,2010,3.0,
HIV_0000000015,ARM,2015,29.0,
HIV_0000000015,FIN,2018,,
HIV_0000000015,BEL,2017,,
HIV_0000000015,WPR,2018,8900.0,
HIV_0000000015,TLS,2012,0.0,
HIV_0000000015,VUT,2012,,
HIV_0000000015,NOR,2021,,
HIV_0000000015,SYC,2013,,
HIV_0000000015,BEN,2021,5211.0,
HIV_0000000015,AND,2010,,
HIV_0000000015,PHL,2021,81.0,
HIV_0000000015,IDN,2021,1520.0,
HIV_0000000015,SGP,2015,19.0,
HIV_0000000015,LBR,2013,641.0,
HIV_0000000015,PLW,2020,,
HIV_0000000015,PLW,2010,,
HIV_0000000015,IDN,2014,747.0,
HIV_0000000015,FRA,2018,,
HIV_0000000015,AZE,2013,35.0,
HIV_0000000015,GUY,2010,116.0,
HIV_0000000015,KNA,2021,,
HIV_0000000015,VUT,2019,,
HIV_0000000015,RUS,2022,,
HIV_0000000015,HND,2012,238.0,
HIV_0000000015,GRD,2014,,
HIV_0000000015,CZE,2015,,
HIV_0000000015,JPN,2014,,
HIV_0000000015,HND,2010,248.0,
HIV_0000000015,BHR,2012,0.0,
HIV_0000000015,ARM,2014,27.0,
HIV_0000000015,GTM,2020,247.0,
HIV_0000000015,MYS,2022,182.0,
HIV_0000000015,CAF,2013,1541.0,
HIV_0000000015,IRN,2016,174.0,
HIV_0000000015,PHL,2012,19.0,
HIV_0000000015,SYC,2012,,
HIV_0000000015,SOM,2015,74.0,
HIV_0000000015,HTI,2013,5226.0,
HIV_0000000015,JOR,2017,4.0,
HIV_0000000015,KWT,2011,4.0,
HIV_0000000015,BGD,2017,25.0,
HIV_0000000015,TUV,2011,,
HIV_0000000015,HRV,2010,,
HIV_0000000015,URY,2019,,
HIV_0000000015,HND,2014,201.0,
HIV_0000000015,MWI,2011,25314.0,
HIV_0000000015,NGA,2015,52276.0,
HIV_0000000015,BGD,2016,22.0,
HIV_0000000015,COD,2015,11099.0,
HIV_0000000015,ZWE,2020,51229.0,
HIV_0000000015,PAK,2012,43.0,
HIV_0000000015,CHE,2010,,
HIV_0000000015,MWI,2012,30234.0,
HIV_0000000015,ARG,2018,,
HIV_0000000015,SMR,2014,,
HIV_0000000015,LBR,2014,647.0,
HIV_0000000015,COG,2016,672.0,
HIV_0000000015,KNA,2022,,
HIV_0000000015,WPR,2022,8000.0,
HIV_0000000015,LBR,2015,1180.0,
HIV_0000000015,ETH,2021,13902.0,
HIV_0000000015,MNG,2021,4.0,
HIV_0000000015,KIR,2015,,
HIV_0000000015,MKD,2022,,
HIV_0000000015,FJI,2011,17.0,
HIV_0000000015,MNG,2010,1.0,
HIV_0000000015,GUY,2017,127.0,
HIV_0000000015,LUX,2013,,
HIV_0000000015,COG,2019,504.0,
HIV_0000000015,MMR,2019,4232.0,
HIV_0000000015,GRC,2013,,
HIV_0000000015,DJI,2019,42.0,
HIV_0000000015,NIU,2019,,
HIV_0000000015,CIV,2020,13499.0,
HIV_0000000015,QAT,2016,0.0,
HIV_0000000015,HTI,2017,4459.0,
HIV_0000000015,TGO,2017,3899.0,
HIV_0000000015,FSM,2022,,
HIV_0000000015,HUN,2011,,
HIV_0000000015,NLD,2011,,
HIV_0000000015,CIV,2015,17711.0,
HIV_0000000015,KGZ,2010,52.0,
HIV_0000000015,NOR,2018,,
HIV_0000000015,BRA,2022,,
HIV_0000000015,BRA,2016,,
HIV_0000000015,LBN,2022,6.0,
HIV_0000000015,COK,2022,,
HIV_0000000015,SYC,2017,,
HIV_0000000015,SEN,2018,1401.0,
HIV_0000000015,MDG,2019,339.0,
HIV_0000000015,COM,2012,2.0,
HIV_0000000015,MNG,2020,2.0,
HIV_0000000015,SRB,2022,,
HIV_0000000015,LTU,2022,,
HIV_0000000015,ZMB,2017,50975.0,
HIV_0000000015,SLB,2013,,
HIV_0000000015,SRB,2014,,
HIV_0000000015,ARG,2014,,
HIV_0000000015,CRI,2017,96.0,
HIV_0000000015,PLW,2011,,
HIV_0000000015,LSO,2012,10719.0,
HIV_0000000015,MLT,2018,,
HIV_0000000015,MAR,2021,218.0,
HIV_0000000015,IRQ,2010,0.0,
HIV_0000000015,CAN,2015,,
HIV_0000000015,MRT,2018,51.0,
HIV_0000000015,YEM,2014,10.0,
HIV_0000000015,VUT,2015,,
HIV_0000000015,SAU,2018,43.0,
HIV_0000000015,HTI,2010,2377.0,
HIV_0000000015,SLE,2019,4114.0,
HIV_0000000015,BOL,2021,484.0,
HIV_0000000015,DOM,2012,1308.0,
HIV_0000000015,JPN,2013,,
HIV_0000000015,GNB,2014,1906.0,
HIV_0000000015,MDG,2012,77.0,
HIV_0000000015,ARG,2022,,
HIV_0000000015,ISL,2014,,
HIV_0000000015,WPR,2020,8800.0,
HIV_0000000015,BHS,2020,36.0,
HIV_0000000015,RUS,2013,,
HIV_0000000015,HRV,2017,,
HIV_0000000015,AUS,2011,,
HIV_0000000015,TCD,2015,4671.0,
HIV_0000000015,BLR,2016,,
HIV_0000000015,AGO,2016,7613.0,
HIV_0000000015,RWA,2013,9150.0,
HIV_0000000015,SVK,2017,,
HIV_0000000015,KGZ,2021,162.0,
HIV_0000000015,MAR,2010,124.0,
HIV_0000000015,CMR,2021,17327.0,
HIV_0000000015,GNQ,2019,1300.0,
HIV_0000000015,LTU,2019,,
HIV_0000000015,ISR,2015,,
HIV_0000000015,SEN,2012,971.0,
HIV_0000000015,LTU,2016,,
HIV_0000000015,PLW,2016,,
HIV_0000000015,EST,2013,,
HIV_0000000015,MMR,2020,3905.0,
HIV_0000000015,SEAR,2017,23000.0,
HIV_0000000015,MNE,2021,,
HIV_0000000015,URY,2021,,
HIV_0000000015,TTO,2020,119.0,
HIV_0000000015,SLV,2017,133.0,
HIV_0000000015,ISR,2018,,
HIV_0000000015,TTO,2013,151.0,
HIV_0000000015,HUN,2014,,
HIV_0000000015,ARM,2020,46.0,
HIV_0000000015,VUT,2022,,
HIV_0000000015,MUS,2018,,
HIV_0000000015,LVA,2020,,
HIV_0000000015,FSM,2019,,
HIV_0000000015,UZB,2021,660.0,
HIV_0000000015,BGR,2016,,
HIV_0000000015,SWZ,2020,8852.0,
HIV_0000000015,VCT,2019,,
HIV_0000000015,WSM,2014,,
HIV_0000000015,SWE,2016,,
HIV_0000000015,FJI,2013,11.0,
HIV_0000000015,ARG,2019,,
HIV_0000000015,DJI,2022,21.0,
HIV_0000000015,FJI,2020,33.0,
HIV_0000000015,GNB,2019,1180.0,
HIV_0000000015,FSM,2013,,
HIV_0000000015,COD,2019,14546.0,
HIV_0000000015,ESP,2015,,
HIV_0000000015,CHN,2018,,
HIV_0000000015,STP,2021,45.0,
HIV_0000000015,NZL,2015,,
HIV_0000000015,MOZ,2012,77064.0,
HIV_0000000015,ERI,2018,230.0,
HIV_0000000015,GEO,2022,36.0,
HIV_0000000015,MDV,2010,0.0,
HIV_0000000015,GHA,2018,11360.0,
HIV_0000000015,MDV,2020,0.0,
HIV_0000000015,DJI,2013,32.0,
HIV_0000000015,MDV,2017,0.0,
HIV_0000000015,RUS,2018,,
HIV_0000000015,OMN,2010,27.0,
HIV_0000000015,AFR,2016,1000000.0,
HIV_0000000015,IRQ,2018,2.0,
HIV_0000000015,LKA,2013,6.0,
HIV_0000000015,SVK,2015,,
HIV_0000000015,SUR,2010,80.0,
HIV_0000000015,DMA,2020,,
HIV_0000000015,MDG,2022,399.0,
HIV_0000000015,KWT,2014,6.0,
HIV_0000000015,KGZ,2017,120.0,
HIV_0000000015,USA,2016,,
HIV_0000000015,CUB,2011,120.0,
HIV_0000000015,KAZ,2014,304.0,
HIV_0000000015,GEO,2014,57.0,
HIV_0000000015,PAK,2019,417.0,
HIV_0000000015,BGD,2018,36.0,
HIV_0000000015,VCT,2021,,
HIV_0000000015,SRB,2020,,
HIV_0000000015,GHA,2015,7813.0,
HIV_0000000015,KHM,2017,755.0,
HIV_0000000015,EUR,2013,20000.0,
HIV_0000000015,MHL,2017,,
HIV_0000000015,MMR,2021,1016.0,
HIV_0000000015,BLZ,2010,53.0,
HIV_0000000015,MDA,2014,152.0,
HIV_0000000015,SOM,2019,98.0,
HIV_0000000015,ARM,2011,15.0,
HIV_0000000015,DOM,2018,765.0,
HIV_0000000015,IRN,2019,183.0,
HIV_0000000015,MEX,2019,,
HIV_0000000015,SVK,2016,,
HIV_0000000015,AUS,2010,,
HIV_0000000015,SSD,2013,1944.0,
HIV_0000000015,SVN,2019,,
HIV_0000000015,IRL,2019,,
HIV_0000000015,CYP,2010,,
HIV_0000000015,AFG,2016,8.0,
HIV_0000000015,BRB,2018,16.0,
HIV_0000000015,BLZ,2022,43.0,
HIV_0000000015,PRT,2022,,
HIV_0000000015,MLT,2014,,
HIV_0000000015,OMN,2016,38.0,
HIV_0000000015,LBY,2021,62.0,
HIV_0000000015,SUR,2011,119.0,
HIV_0000000015,NIU,2021,,
HIV_0000000015,IND,2017,,
HIV_0000000015,SVN,2021,,
HIV_0000000015,JOR,2020,1.0,
HIV_0000000015,GAB,2015,1665.0,
HIV_0000000015,NAM,2015,11475.0,
HIV_0000000015,BFA,2019,4061.0,
HIV_0000000015,VCT,2018,,
HIV_0000000015,BDI,2022,3813.0,
HIV_0000000015,DNK,2014,,
HIV_0000000015,LAO,2022,108.0,
HIV_0000000015,AUS,2014,,
HIV_0000000015,DJI,2011,47.0,
HIV_0000000015,VNM,2022,1314.0,
HIV_0000000015,MWI,2013,33969.0,
HIV_0000000015,UKR,2017,2714.0,
HIV_0000000015,BRB,2016,16.0,
HIV_0000000015,ARG,2015,,
HIV_0000000015,COK,2019,,
HIV_0000000015,GTM,2016,237.0,
HIV_0000000015,LBR,2022,1657.0,
HIV_0000000015,GUY,2011,144.0,
HIV_0000000015,TUR,2018,,
HIV_0000000015,LBR,2016,1382.0,
HIV_0000000015,NZL,2019,,
HIV_0000000015,SLV,2021,121.0,
HIV_0000000015,ATG,2012,,
HIV_0000000015,JPN,2017,,
HIV_0000000015,ARM,2017,33.0,
HIV_0000000015,SLE,2018,4336.0,
HIV_0000000015,FIN,2017,,
HIV_0000000015,SEAR,2016,24000.0,
HIV_0000000015,SUR,2015,138.0,
HIV_0000000015,SVK,2019,,
HIV_0000000015,PRT,2011,,
HIV_0000000015,MRT,2015,161.0,
HIV_0000000015,GTM,2021,264.0,
HIV_0000000015,SYR,2014,2.0,
HIV_0000000015,SAU,2012,32.0,
HIV_0000000015,ERI,2016,209.0,
HIV_0000000015,LKA,2011,6.0,
HIV_0000000015,EUR,2020,28000.0,
HIV_0000000015,USA,2021,,
HIV_0000000015,TUN,2013,12.0,
HIV_0000000015,PAN,2016,178.0,
HIV_0000000015,VEN,2020,326.0,
HIV_0000000015,IRL,2021,,
HIV_0000000015,HTI,2012,4889.0,
HIV_0000000015,GRD,2020,,
HIV_0000000015,NGA,2020,36701.0,
HIV_0000000015,BLZ,2011,87.0,
HIV_0000000015,GEO,2019,40.0,
HIV_0000000015,MEX,2017,,
HIV_0000000015,LUX,2017,,
HIV_0000000015,ESP,2011,,
HIV_0000000015,CZE,2019,,
HIV_0000000015,NPL,2020,121.0,
HIV_0000000015,VEN,2015,510.0,
HIV_0000000015,BRA,2013,,
HIV_0000000015,TLS,2013,0.0,
HIV_0000000015,SMR,2018,,
HIV_0000000015,WSM,2012,,
HIV_0000000015,AND,2022,,
HIV_0000000015,SDN,2018,100.0,
HIV_0000000015,YEM,2022,58.0,
HIV_0000000015,BDI,2010,,
HIV_0000000015,SDN,2016,91.0,
HIV_0000000015,IRN,2010,58.0,
HIV_0000000015,ATG,2013,,
HIV_0000000015,SLB,2011,,
HIV_0000000015,RUS,2012,,
HIV_0000000015,UKR,2022,1802.0,
HIV_0000000015,COL,2021,,
HIV_0000000015,TON,2017,,
HIV_0000000015,AGO,2022,19359.0,
HIV_0000000015,RUS,2021,,
HIV_0000000015,SLE,2020,3970.0,
HIV_0000000015,GNB,2021,820.0,
HIV_0000000015,DZA,2022,210.0,
HIV_0000000015,SYR,2017,0.0,
HIV_0000000015,IRL,2014,,
HIV_0000000015,LBY,2013,0.0,
HIV_0000000015,DOM,2017,811.0,
HIV_0000000015,SLE,2014,2585.0,
HIV_0000000015,ERI,2017,217.0,
HIV_0000000015,BEN,2013,1187.0,
HIV_0000000015,AUT,2017,,
HIV_0000000015,TJK,2010,40.0,
HIV_0000000015,LBY,2018,64.0,
HIV_0000000015,LTU,2015,,
HIV_0000000015,NIU,2022,,
HIV_0000000015,GRD,2012,,
HIV_0000000015,UZB,2020,583.0,
HIV_0000000015,BWA,2016,10811.0,
HIV_0000000015,ALB,2014,,
HIV_0000000015,PER,2014,716.0,
HIV_0000000015,SGP,2012,21.0,
HIV_0000000015,SEN,2015,1352.0,
HIV_0000000015,EMR,2022,1500.0,
HIV_0000000015,AND,2017,,
HIV_0000000015,SYR,2019,4.0,
HIV_0000000015,DEU,2022,,
HIV_0000000015,BIH,2021,0.0,
HIV_0000000015,WSM,2021,,
HIV_0000000015,URY,2015,,
HIV_0000000015,NIC,2019,143.0,
HIV_0000000015,TJK,2021,216.0,
HIV_0000000015,UKR,2014,3384.0,
HIV_0000000015,LVA,2015,,
HIV_0000000015,CZE,2014,,
HIV_0000000015,BGR,2011,,
HIV_0000000015,SLV,2014,171.0,
HIV_0000000015,GNQ,2014,1200.0,
HIV_0000000015,BFA,2018,3795.0,
HIV_0000000015,GBR,2016,,
HIV_0000000015,LBR,2017,1553.0,
HIV_0000000015,NGA,2010,26847.0,
HIV_0000000015,RWA,2012,8967.0,
HIV_0000000015,UKR,2020,2199.0,
HIV_0000000015,AZE,2014,46.0,
HIV_0000000015,DNK,2018,,
HIV_0000000015,DJI,2020,50.0,
HIV_0000000015,GMB,2011,817.0,
HIV_0000000015,GLOBAL,2021,1000000.0,
HIV_0000000015,CHL,2015,,
HIV_0000000015,SYR,2020,0.0,
HIV_0000000015,JOR,2012,0.0,
HIV_0000000015,CHL,2021,,
HIV_0000000015,CYP,2015,,
HIV_0000000015,AZE,2016,70.0,
HIV_0000000015,GRC,2011,,
HIV_0000000015,GUY,2016,157.0,
HIV_0000000015,JPN,2010,,
HIV_0000000015,HND,2022,135.0,
HIV_0000000015,SMR,2012,,
HIV_0000000015,CHL,2018,,
HIV_0000000015,CPV,2021,60.0,
HIV_0000000015,PER,2013,712.0,
HIV_0000000015,ZAF,2011,272745.0,
HIV_0000000015,CYP,2020,,
HIV_0000000015,LKA,2018,17.0,
HIV_0000000015,JAM,2015,414.0,
HIV_0000000015,SLE,2022,4549.0,
HIV_0000000015,VNM,2018,1932.0,
HIV_0000000015,BTN,2010,10.0,
HIV_0000000015,IRQ,2017,0.0,
HIV_0000000015,BRB,2017,18.0,
HIV_0000000015,BEL,2012,,
HIV_0000000015,LKA,2022,18.0,
HIV_0000000015,MCO,2012,,
HIV_0000000015,GLOBAL,2015,1100000.0,
HIV_0000000015,FJI,2010,9.0,
HIV_0000000015,ESP,2016,,
HIV_0000000015,NOR,2010,,
HIV_0000000015,AGO,2018,9633.0,
HIV_0000000015,MDV,2015,0.0,
HIV_0000000015,MRT,2017,33.0,
HIV_0000000015,GBR,2010,,
HIV_0000000015,LVA,2011,,
HIV_0000000015,BOL,2022,514.0,
HIV_0000000015,JAM,2018,398.0,
HIV_0000000015,FSM,2014,,
HIV_0000000015,BEL,2021,,
HIV_0000000015,CHN,2020,,
HIV_0000000015,MDV,2014,0.0,
HIV_0000000015,BGD,2019,29.0,
HIV_0000000015,ZAF,2014,319427.0,
HIV_0000000015,CHL,2022,,
HIV_0000000015,LUX,2019,,
HIV_0000000015,CHE,2018,,
HIV_0000000015,AUS,2021,,
HIV_0000000015,KIR,2010,,
HIV_0000000015,KHM,2016,720.0,
HIV_0000000015,GHA,2019,11685.0,
HIV_0000000015,ARE,2021,0.0,
HIV_0000000015,MYS,2015,319.0,
HIV_0000000015,URY,2022,,
HIV_0000000015,TUR,2012,,
HIV_0000000015,IRN,2011,74.0,
HIV_0000000015,LBR,2018,1827.0,
HIV_0000000015,PNG,2014,573.0,
HIV_0000000015,AFR,2017,1000000.0,
HIV_0000000015,AND,2018,,
HIV_0000000015,DMA,2015,,
HIV_0000000015,PRY,2018,216.0,
HIV_0000000015,GNB,2011,490.0,
HIV_0000000015,TLS,2022,22.0,
HIV_0000000015,FSM,2011,,
HIV_0000000015,NER,2017,982.0,
HIV_0000000015,DEU,2016,,
HIV_0000000015,CZE,2020,,
HIV_0000000015,IND,2011,,
HIV_0000000015,KOR,2019,,
HIV_0000000015,MLI,2013,2188.0,
HIV_0000000015,RUS,2011,,
HIV_0000000015,DZA,2014,112.0,
HIV_0000000015,JAM,2020,326.0,
HIV_0000000015,YEM,2019,16.0,
HIV_0000000015,VNM,2017,1954.0,
HIV_0000000015,CHE,2020,,
HIV_0000000015,BOL,2013,212.0,
HIV_0000000015,ARG,2012,,
HIV_0000000015,SGP,2011,30.0,
HIV_0000000015,VUT,2018,,
HIV_0000000015,DZA,2011,128.0,
HIV_0000000015,URY,2013,,
HIV_0000000015,SUR,2016,121.0,
HIV_0000000015,TUR,2019,,
HIV_0000000015,PNG,2021,1183.0,
HIV_0000000015,GTM,2013,390.0,
HIV_0000000015,TGO,2018,4331.0,
HIV_0000000015,MLI,2015,2665.0,
HIV_0000000015,CHE,2019,,
HIV_0000000015,MCO,2019,,
HIV_0000000015,CHN,2014,,
HIV_0000000015,NLD,2014,,
HIV_0000000015,MWI,2018,44527.0,
HIV_0000000015,ARG,2021,,
HIV_0000000015,ECU,2015,347.0,
HIV_0000000015,MOZ,2013,83766.0,
HIV_0000000015,COD,2022,10301.0,
HIV_0000000015,ISL,2017,,
HIV_0000000015,FIN,2013,,
HIV_0000000015,LTU,2014,,
HIV_0000000015,BEL,2014,,
HIV_0000000015,COD,2020,12546.0,
HIV_0000000015,SOM,2016,76.0,
HIV_0000000015,SWE,2017,,
HIV_0000000015,RUS,2020,,
HIV_0000000015,EGY,2016,52.0,
HIV_0000000015,SDN,2017,134.0,
HIV_0000000015,CIV,2019,14876.0,
HIV_0000000015,NIU,2016,,
HIV_0000000015,SYR,2022,0.0,
HIV_0000000015,TUN,2010,7.0,
HIV_0000000015,BDI,2012,,
HIV_0000000015,AUS,2018,,
HIV_0000000015,WPR,2015,8400.0,
HIV_0000000015,UGA,2021,88114.0,
HIV_0000000015,PRT,2014,,
HIV_0000000015,BFA,2015,3000.0,
HIV_0000000015,NAM,2010,7695.0,
HIV_0000000015,PRK,2017,,
HIV_0000000015,ATG,2022,,
HIV_0000000015,ERI,2021,150.0,
HIV_0000000015,NAM,2021,13433.0,
HIV_0000000015,NZL,2016,,
HIV_0000000015,SWE,2022,,
HIV_0000000015,BTN,2022,11.0,
HIV_0000000015,RWA,2018,7614.0,
HIV_0000000015,KOR,2012,,
HIV_0000000015,BHS,2010,47.0,
HIV_0000000015,EST,2020,,
HIV_0000000015,OMN,2022,43.0,
HIV_0000000015,NPL,2012,126.0,
HIV_0000000015,IDN,2019,1954.0,
HIV_0000000015,BLR,2018,,
HIV_0000000015,CHL,2016,,
HIV_0000000015,VEN,2021,416.0,
HIV_0000000015,TCD,2012,2643.0,
HIV_0000000015,GMB,2013,729.0,
HIV_0000000015,MHL,2011,,
HIV_0000000015,ESP,2019,,
HIV_0000000015,KNA,2011,,
HIV_0000000015,JOR,2016,5.0,
HIV_0000000015,SSD,2018,5534.0,
HIV_0000000015,MKD,2020,,
HIV_0000000015,CRI,2019,118.0,
HIV_0000000015,CRI,2010,0.0,
HIV_0000000015,LCA,2013,,
HIV_0000000015,GTM,2019,258.0,
HIV_0000000015,FIN,2020,,
HIV_0000000015,MYS,2010,267.0,
HIV_0000000015,PAK,2021,495.0,
HIV_0000000015,ATG,2017,,
HIV_0000000015,MCO,2014,,
HIV_0000000015,USA,2010,,
HIV_0000000015,CAN,2012,,
HIV_0000000015,BRA,2012,,
HIV_0000000015,COK,2011,,
HIV_0000000015,UGA,2020,90909.0,
HIV_0000000015,GRC,2010,,
HIV_0000000015,ARE,2020,0.0,
HIV_0000000015,NGA,2014,60120.0,
HIV_0000000015,FJI,2016,25.0,
HIV_0000000015,PNG,2015,497.0,
HIV_0000000015,SEAR,2010,11000.0,
HIV_0000000015,IRQ,2019,0.0,
HIV_0000000015,MDV,2011,0.0,
HIV_0000000015,ESP,2014,,
HIV_0000000015,TKM,2019,,
HIV_0000000015,LTU,2018,,
HIV_0000000015,CPV,2011,,
HIV_0000000015,BDI,2021,4484.0,
HIV_0000000015,CUB,2016,143.0,
HIV_0000000015,TCD,2020,6131.0,
HIV_0000000015,BHS,2012,87.0,
HIV_0000000015,RUS,2019,,
HIV_0000000015,COL,2020,742.0,
HIV_0000000015,NLD,2020,,
HIV_0000000015,MYS,2021,206.0,
HIV_0000000015,NZL,2017,,
HIV_0000000015,ROU,2022,,
HIV_0000000015,CHN,2015,,
HIV_0000000015,KAZ,2020,473.0,
HIV_0000000015,AMR,2020,24000.0,
HIV_0000000015,GNB,2017,1389.0,
HIV_0000000015,NRU,2012,,
HIV_0000000015,POL,2013,,
HIV_0000000015,ISL,2015,,
HIV_0000000015,GHA,2020,12668.0,
HIV_0000000015,NOR,2011,,
HIV_0000000015,NRU,2021,,
HIV_0000000015,GNQ,2021,1260.0,
HIV_0000000015,CMR,2015,26678.0,
HIV_0000000015,VNM,2011,1231.0,
HIV_0000000015,BTN,2013,8.0,
HIV_0000000015,BWA,2018,12497.0,
HIV_0000000015,ROU,2010,,
HIV_0000000015,PNG,2017,733.0,
HIV_0000000015,JOR,2019,1.0,
HIV_0000000015,BHS,2018,53.0,
HIV_0000000015,ITA,2010,,
HIV_0000000015,GIN,2018,0.0,
HIV_0000000015,BTN,2018,7.0,
HIV_0000000015,EGY,2010,11.0,
HIV_0000000015,CHN,2012,,
HIV_0000000015,AUS,2017,,
HIV_0000000015,STP,2022,45.0,
HIV_0000000015,LBN,2016,2.0,
HIV_0000000015,NRU,2014,,
HIV_0000000015,AGO,2017,7088.0,
HIV_0000000015,MWI,2015,38837.0,
HIV_0000000015,GIN,2021,3536.0,
HIV_0000000015,VCT,2014,,
HIV_0000000015,TKM,2013,,
HIV_0000000015,MEX,2022,,
HIV_0000000015,GMB,2014,723.0,
HIV_0000000015,BEN,2017,4360.0,
HIV_0000000015,ALB,2013,,
HIV_0000000015,ROU,2016,,
HIV_0000000015,ZAF,2015,306575.0,
HIV_0000000015,DZA,2012,121.0,
HIV_0000000015,ERI,2022,154.0,
HIV_0000000015,IDN,2012,348.0,
HIV_0000000015,USA,2019,,
HIV_0000000015,GEO,2017,52.0,
HIV_0000000015,SSD,2016,2755.0,
HIV_0000000015,BGR,2013,,
HIV_0000000015,KIR,2020,,
HIV_0000000015,MYS,2020,253.0,
HIV_0000000015,DZA,2013,200.0,
HIV_0000000015,CAN,2011,,
HIV_0000000015,KWT,2021,9.0,
HIV_0000000015,MEX,2011,,
HIV_0000000015,IDN,2018,1818.0,
HIV_0000000015,MUS,2021,,
HIV_0000000015,CMR,2011,15379.0,
HIV_0000000015,KGZ,2018,133.0,
HIV_0000000015,TON,2019,,
HIV_0000000015,MMR,2013,2912.0,
HIV_0000000015,VNM,2020,1961.0,
HIV_0000000015,BDI,2019,,
HIV_0000000015,LBR,2019,1838.0,
HIV_0000000015,PAN,2015,191.0,
HIV_0000000015,BOL,2017,524.0,
HIV_0000000015,BLR,2011,,
HIV_0000000015,ISL,2011,,
HIV_0000000015,GNB,2012,738.0,
HIV_0000000015,MNG,2019,4.0,
HIV_0000000015,SEN,2010,721.0,
HIV_0000000015,LKA,2020,16.0,
HIV_0000000015,JOR,2014,1.0,
HIV_0000000015,SYC,2015,,
HIV_0000000015,LBR,2020,1351.0,
HIV_0000000015,AFR,2020,990000.0,
HIV_0000000015,CAF,2014,2562.0,
HIV_0000000015,CIV,2021,13395.0,
HIV_0000000015,IND,2019,,
HIV_0000000015,KOR,2021,,
HIV_0000000015,TUN,2022,43.0,
HIV_0000000015,OMN,2015,31.0,
HIV_0000000015,SYC,2014,,
HIV_0000000015,ZWE,2021,47009.0,
HIV_0000000015,BIH,2010,0.0,
HIV_0000000015,BLR,2010,,
HIV_0000000015,MNE,2017,,
HIV_0000000015,BWA,2019,12728.0,
HIV_0000000015,DZA,2019,360.0,
HIV_0000000015,PHL,2014,23.0,
HIV_0000000015,ZMB,2011,37572.0,
HIV_0000000015,UGA,2014,112909.0,
HIV_0000000015,ZWE,2015,57378.0,
HIV_0000000015,LTU,2020,,
HIV_0000000015,CHE,2016,,
HIV_0000000015,EUR,2017,24000.0,
HIV_0000000015,GIN,2016,0.0,
HIV_0000000015,MCO,2013,,
HIV_0000000015,SDN,2013,74.0,
HIV_0000000015,SYC,2016,,
HIV_0000000015,SOM,2021,110.0,
HIV_0000000015,UGA,2019,94460.0,
HIV_0000000015,MLT,2010,,
HIV_0000000015,MOZ,2022,115899.0,
HIV_0000000015,AUS,2016,,
HIV_0000000015,COM,2018,7.0,
HIV_0000000015,BRB,2014,21.0,
HIV_0000000015,BFA,2022,4585.0,
HIV_0000000015,LVA,2017,,
HIV_0000000015,SWZ,2016,10405.0,
HIV_0000000015,BTN,2019,4.0,
HIV_0000000015,MNG,2015,2.0,
HIV_0000000015,DEU,2015,,
HIV_0000000015,COM,2022,7.0,
HIV_0000000015,VEN,2022,733.0,
HIV_0000000015,UZB,2010,45.0,
HIV_0000000015,GLOBAL,2016,1100000.0,
HIV_0000000015,RUS,2017,,
HIV_0000000015,UGA,2017,92298.0,
HIV_0000000015,CUB,2013,108.0,
HIV_0000000015,LKA,2012,5.0,
HIV_0000000015,SMR,2011,,
HIV_0000000015,ATG,2010,,
HIV_0000000015,COK,2016,,
HIV_0000000015,ROU,2013,,
HIV_0000000015,MDG,2015,54.0,
HIV_0000000015,SYC,2010,,
HIV_0000000015,IRN,2018,207.0,
HIV_0000000015,FJI,2015,14.0,
HIV_0000000015,CPV,2022,59.0,
HIV_0000000015,NIU,2011,,
HIV_0000000015,KHM,2019,586.0,
HIV_0000000015,GMB,2010,596.0,
HIV_0000000015,GEO,2016,45.0,
HIV_0000000015,PAK,2014,59.0,
HIV_0000000015,COG,2012,1134.0,
HIV_0000000015,SVN,2017,,
HIV_0000000015,TUN,2020,30.0,
HIV_0000000015,SGP,2013,20.0,
HIV_0000000015,KHM,2018,661.0,
HIV_0000000015,KWT,2012,6.0,
HIV_0000000015,EUR,2021,28000.0,
HIV_0000000015,HRV,2019,,
HIV_0000000015,KEN,2012,44388.0,
HIV_0000000015,AFR,2015,1000000.0,
HIV_0000000015,SGP,2017,19.0,
HIV_0000000015,FJI,2019,22.0,
HIV_0000000015,SRB,2018,,
HIV_0000000015,NOR,2022,,
HIV_0000000015,FSM,2018,,
HIV_0000000015,SWZ,2011,10363.0,
HIV_0000000015,MDA,2022,187.0,
HIV_0000000015,GRD,2011,,
HIV_0000000015,PRT,2018,,
HIV_0000000015,SSD,2015,4037.0,
HIV_0000000015,YEM,2016,0.0,
HIV_0000000015,BHR,2019,0.0,
HIV_0000000015,NRU,2015,,
HIV_0000000015,NIC,2018,133.0,
HIV_0000000015,ARE,2013,0.0,
HIV_0000000015,MKD,2010,,
HIV_0000000015,GNB,2022,807.0,
HIV_0000000015,JAM,2014,388.0,
HIV_0000000015,COG,2020,865.0,
HIV_0000000015,UGA,2012,78236.0,
HIV_0000000015,BTN,2021,6.0,
HIV_0000000015,MEX,2021,,
HIV_0000000015,ARE,2022,0.0,
HIV_0000000015,EST,2011,,
HIV_0000000015,BLR,2012,,
HIV_0000000015,PER,2021,1047.0,
HIV_0000000015,LTU,2010,,
HIV_0000000015,TUV,2014,,
HIV_0000000015,MEX,2015,,
HIV_0000000015,ZAF,2012,300278.0,
HIV_0000000015,BEL,2018,,
HIV_0000000015,HUN,2015,,
HIV_0000000015,TJK,2016,179.0,
HIV_0000000015,MHL,2022,,
HIV_0000000015,JPN,2020,,
HIV_0000000015,MDA,2016,196.0,
HIV_0000000015,JOR,2018,3.0,
HIV_0000000015,GBR,2021,,
HIV_0000000015,BHS,2016,66.0,
HIV_0000000015,DEU,2011,,
HIV_0000000015,CRI,2013,38.0,
HIV_0000000015,BHS,2017,51.0,
HIV_0000000015,HRV,2015,,
HIV_0000000015,IRN,2013,132.0,
HIV_0000000015,LBN,2013,5.0,
HIV_0000000015,LAO,2010,26.0,
HIV_0000000015,SYR,2013,0.0,
HIV_0000000015,HRV,2018,,
HIV_0000000015,FRA,2020,,
HIV_0000000015,MYS,2016,311.0,
HIV_0000000015,ARM,2012,13.0,
HIV_0000000015,ISL,2022,,
HIV_0000000015,WSM,2016,,
HIV_0000000015,JPN,2021,,
HIV_0000000015,MDA,2011,123.0,
HIV_0000000015,SMR,2013,,
HIV_0000000015,YEM,2020,8.0,
HIV_0000000015,GNB,2013,1184.0,
HIV_0000000015,SEAR,2018,24000.0,
HIV_0000000015,TLS,2021,13.0,
HIV_0000000015,POL,2011,,
HIV_0000000015,CAF,2010,2013.0,
HIV_0000000015,ARM,2013,19.0,
HIV_0000000015,GAB,2010,644.0,
HIV_0000000015,DOM,2013,972.0,
HIV_0000000015,ROU,2020,,
HIV_0000000015,VUT,2017,,
HIV_0000000015,BGR,2017,,
HIV_0000000015,RWA,2011,10508.0,
HIV_0000000015,LSO,2010,8047.0,
HIV_0000000015,KAZ,2012,303.0,
HIV_0000000015,KOR,2016,,
HIV_0000000015,SRB,2013,,
HIV_0000000015,ISL,2012,,
HIV_0000000015,MAR,2020,228.0,
HIV_0000000015,ECU,2018,368.0,
HIV_0000000015,LAO,2021,125.0,
HIV_0000000015,NER,2011,1571.0,
HIV_0000000015,BGR,2021,,
HIV_0000000015,TLS,2018,12.0,
HIV_0000000015,LBY,2022,62.0,
HIV_0000000015,VUT,2016,,
HIV_0000000015,MUS,2013,,
HIV_0000000015,EUR,2014,23000.0,
HIV_0000000015,GAB,2022,1757.0,
HIV_0000000015,YEM,2013,13.0,
HIV_0000000015,DEU,2017,,
HIV_0000000015,IRQ,2020,1.0,
HIV_0000000015,OMN,2011,25.0,
HIV_0000000015,YEM,2021,17.0,
HIV_0000000015,BRA,2020,,
HIV_0000000015,IRN,2020,177.0,
HIV_0000000015,NOR,2020,,
HIV_0000000015,TJK,2022,263.0,
HIV_0000000015,MKD,2016,,
HIV_0000000015,SDN,2022,129.0,
HIV_0000000015,BRN,2012,,
HIV_0000000015,KNA,2018,,
HIV_0000000015,TZA,2012,74000.0,
HIV_0000000015,COD,2013,849.0,
HIV_0000000015,CIV,2013,16032.0,
HIV_0000000015,MUS,2016,,
HIV_0000000015,TUV,2010,,
HIV_0000000015,CHL,2019,,
HIV_0000000015,YEM,2012,10.0,
HIV_0000000015,DZA,2010,120.0,
HIV_0000000015,ZMB,2015,45409.0,
HIV_0000000015,TUV,2012,,
HIV_0000000015,IND,2021,,
HIV_0000000015,GEO,2010,33.0,
HIV_0000000015,NGA,2018,42270.0,
HIV_0000000015,PNG,2019,1300.0,
HIV_0000000015,PRY,2016,205.0,
HIV_0000000015,TUV,2013,,
HIV_0000000015,CHN,2016,,
HIV_0000000015,SLB,2021,,
HIV_0000000015,BOL,2012,249.0,
HIV_0000000015,MLT,2013,,
HIV_0000000015,PRY,2012,,
HIV_0000000015,TJK,2017,161.0,
HIV_0000000015,UZB,2022,712.0,
HIV_0000000015,UZB,2019,580.0,
HIV_0000000015,CAN,2022,,
HIV_0000000015,BLZ,2015,53.0,
HIV_0000000015,CAN,2021,,
HIV_0000000015,PRT,2019,,
HIV_0000000015,TON,2011,,
HIV_0000000015,MOZ,2011,48763.0,
HIV_0000000015,JPN,2022,,
HIV_0000000015,ARM,2021,47.0,
HIV_0000000015,SWE,2013,,
HIV_0000000015,KOR,2017,,
HIV_0000000015,JAM,2011,300.0,
HIV_0000000015,PAK,2010,22.0,
HIV_0000000015,CIV,2018,16499.0,
HIV_0000000015,BRA,2014,,
HIV_0000000015,MDG,2016,30.0,
HIV_0000000015,LTU,2013,,
HIV_0000000015,PRK,2019,,
HIV_0000000015,GLOBAL,2011,800000.0,
HIV_0000000015,NOR,2014,,
HIV_0000000015,MDG,2010,17.0,
HIV_0000000015,KGZ,2016,112.0,
HIV_0000000015,ESP,2012,,
HIV_0000000015,ARE,2018,0.0,
HIV_0000000015,TJK,2011,60.0,
HIV_0000000015,QAT,2013,0.0,
HIV_0000000015,SEAR,2011,11000.0,
HIV_0000000015,MDG,2014,58.0,
HIV_0000000015,AND,2020,,
HIV_0000000015,ZMB,2022,46092.0,
HIV_0000000015,DNK,2021,,
HIV_0000000015,ROU,2012,,
HIV_0000000015,ALB,2017,,
HIV_0000000015,SOM,2012,44.0,
HIV_0000000015,ITA,2011,,
HIV_0000000015,KIR,2016,,
HIV_0000000015,TCD,2016,4377.0,
HIV_0000000015,QAT,2019,0.0,
HIV_0000000015,TTO,2018,111.0,
HIV_0000000015,EGY,2015,32.0,
HIV_0000000015,SRB,2012,,
HIV_0000000015,KHM,2011,664.0,
HIV_0000000015,CMR,2014,22297.0,
HIV_0000000015,KGZ,2022,179.0,
HIV_0000000015,MOZ,2020,106907.0,
HIV_0000000015,PHL,2017,53.0,
HIV_0000000015,MUS,2015,,
HIV_0000000015,MLT,2019,,
HIV_0000000015,ALB,2010,,
HIV_0000000015,GRD,2017,,
HIV_0000000015,NOR,2016,,
HIV_0000000015,ISR,2011,,
HIV_0000000015,LUX,2020,,
HIV_0000000015,LUX,2021,,
HIV_0000000015,SOM,2022,118.0,
HIV_0000000015,BGR,2015,,
HIV_0000000015,BFA,2021,4591.0,
HIV_0000000015,CRI,2015,82.0,
HIV_0000000015,PHL,2020,113.0,
HIV_0000000015,MHL,2019,,
HIV_0000000015,GBR,2022,,
HIV_0000000015,SWZ,2022,8932.0,
HIV_0000000015,SSD,2022,3884.0,
HIV_0000000015,NRU,2019,,
HIV_0000000015,WSM,2011,,
HIV_0000000015,BFA,2017,3530.0,
HIV_0000000015,CYP,2019,,
HIV_0000000015,GMB,2012,700.0,
HIV_0000000015,BFA,2010,2792.0,
HIV_0000000015,KWT,2018,5.0,
HIV_0000000015,ZWE,2016,59599.0,
HIV_0000000015,STP,2011,31.0,
HIV_0000000015,MEX,2018,,
HIV_0000000015,CAN,2013,,
HIV_0000000015,FIN,2019,,
HIV_0000000015,CHL,2020,,
HIV_0000000015,TJK,2014,157.0,
HIV_0000000015,NIC,2020,108.0,
HIV_0000000015,SVN,2020,,
HIV_0000000015,TUV,2019,,
HIV_0000000015,COM,2010,5.0,
HIV_0000000015,PAK,2013,126.0,
HIV_0000000015,MRT,2021,18.0,
HIV_0000000015,POL,2010,,
HIV_0000000015,SGP,2018,18.0,
HIV_0000000015,SUR,2020,100.0,
HIV_0000000015,NIU,2017,,
HIV_0000000015,BRB,2010,21.0,
HIV_0000000015,NLD,2012,,
HIV_0000000015,VUT,2021,,
HIV_0000000015,DMA,2012,,
HIV_0000000015,KAZ,2021,475.0,
HIV_0000000015,TGO,2011,4173.0,
HIV_0000000015,BRN,2019,,
HIV_0000000015,TTO,2022,100.0,
HIV_0000000015,DJI,2012,42.0,
HIV_0000000015,BIH,2015,0.0,
HIV_0000000015,GLOBAL,2018,1100000.0,
HIV_0000000015,PER,2020,1076.0,
HIV_0000000015,GNQ,2022,1390.0,
HIV_0000000015,BGR,2014,,
HIV_0000000015,GUY,2015,167.0,
HIV_0000000015,GBR,2013,,
HIV_0000000015,HTI,2015,4383.0,
HIV_0000000015,BIH,2020,0.0,
HIV_0000000015,KGZ,2014,114.0,
HIV_0000000015,LBN,2015,3.0,
HIV_0000000015,KHM,2010,552.0,
HIV_0000000015,OMN,2013,32.0,
HIV_0000000015,CPV,2015,,
HIV_0000000015,MAR,2022,247.0,
HIV_0000000015,GLOBAL,2014,1100000.0,
HIV_0000000015,FRA,2016,,
HIV_0000000015,POL,2021,,
HIV_0000000015,RUS,2014,,
HIV_0000000015,NIC,2017,111.0,
HIV_0000000015,HND,2013,209.0,
HIV_0000000015,EMR,2014,790.0,
HIV_0000000015,IRQ,2016,0.0,
HIV_0000000015,MNG,2012,2.0,
HIV_0000000015,MDA,2010,123.0,
HIV_0000000015,AGO,2014,8848.0,
HIV_0000000015,TCD,2019,6247.0,
HIV_0000000015,HUN,2012,,
HIV_0000000015,SGP,2020,10.0,
HIV_0000000015,FRA,2022,,
HIV_0000000015,OMN,2017,33.0,
HIV_0000000015,AMR,2017,27000.0,
HIV_0000000015,BOL,2018,462.0,
HIV_0000000015,LSO,2022,6531.0,
HIV_0000000015,SVN,2010,,
HIV_0000000015,FRA,2021,,
HIV_0000000015,NLD,2019,,
HIV_0000000015,BRN,2010,,
HIV_0000000015,GAB,2020,2251.0,
HIV_0000000015,VCT,2022,,
HIV_0000000015,DOM,2020,523.0,
HIV_0000000015,GHA,2013,7266.0,
HIV_0000000015,UGA,2010,28590.0,
HIV_0000000015,OMN,2012,27.0,
HIV_0000000015,ETH,2015,18972.0,
HIV_0000000015,NPL,2018,146.0,
HIV_0000000015,KIR,2021,,
HIV_0000000015,AUS,2019,,
HIV_0000000015,USA,2014,,
HIV_0000000015,URY,2011,,
HIV_0000000015,CPV,2019,83.0,
HIV_0000000015,MYS,2019,219.0,
HIV_0000000015,CRI,2022,,
HIV_0000000015,BFA,2011,3098.0,
HIV_0000000015,BGD,2020,18.0,
HIV_0000000015,RWA,2015,9995.0,
HIV_0000000015,STP,2010,31.0,
HIV_0000000015,SUR,2012,119.0,
HIV_0000000015,LCA,2017,,
HIV_0000000015,DNK,2011,,
HIV_0000000015,NIC,2016,118.0,
HIV_0000000015,LAO,2018,92.0,
HIV_0000000015,KNA,2019,,
HIV_0000000015,DNK,2016,,
HIV_0000000015,VNM,2014,1628.0,
HIV_0000000015,ATG,2018,,
HIV_0000000015,MOZ,2017,107758.0,
HIV_0000000015,PHL,2022,45.0,
HIV_0000000015,GUY,2013,196.0,
HIV_0000000015,ERI,2014,385.0,
HIV_0000000015,LCA,2019,,
HIV_0000000015,NZL,2012,,
HIV_0000000015,ERI,2015,300.0,
HIV_0000000015,FRA,2015,,
HIV_0000000015,NIC,2013,113.0,
HIV_0000000015,HND,2011,232.0,
HIV_0000000015,BWA,2010,10999.0,
HIV_0000000015,GNQ,2017,1516.0,
HIV_0000000015,MCO,2022,,
HIV_0000000015,IRQ,2014,1.0,
HIV_0000000015,LBY,2016,53.0,
HIV_0000000015,EGY,2012,9.0,
HIV_0000000015,BEN,2018,4765.0,
HIV_0000000015,ECU,2021,552.0,
HIV_0000000015,WSM,2018,,
HIV_0000000015,PAN,2012,181.0,
HIV_0000000015,ITA,2016,,
HIV_0000000015,BGR,2022,,
HIV_0000000015,AGO,2019,15030.0,
HIV_0000000015,VNM,2016,1865.0,
HIV_0000000015,DNK,2022,,
HIV_0000000015,TUN,2018,13.0,
HIV_0000000015,GEO,2015,57.0,
HIV_0000000015,COM,2015,4.0,
HIV_0000000015,DMA,2017,,
HIV_0000000015,WPR,2019,9200.0,
HIV_0000000015,BRB,2015,15.0,
HIV_0000000015,HND,2019,156.0,
HIV_0000000015,BTN,2015,18.0,
HIV_0000000015,AFR,2021,960000.0,
HIV_0000000015,PNG,2010,68.0,
HIV_0000000015,GNB,2010,344.0,
HIV_0000000015,IRQ,2021,0.0,
HIV_0000000015,IND,2012,,
HIV_0000000015,ALB,2020,,
HIV_0000000015,GTM,2011,361.0,
HIV_0000000015,NOR,2012,,
HIV_0000000015,COL,2013,782.0,
HIV_0000000015,AFG,2019,24.0,
HIV_0000000015,HUN,2021,,
HIV_0000000015,AFG,2022,31.0,
HIV_0000000015,ISL,2018,,
HIV_0000000015,LUX,2011,,
HIV_0000000015,VCT,2013,,
HIV_0000000015,MNE,2020,,
HIV_0000000015,DNK,2010,,
HIV_0000000015,ZWE,2012,55849.0,
HIV_0000000015,KHM,2013,695.0,
HIV_0000000015,SVN,2011,,
HIV_0000000015,MAR,2016,215.0,
HIV_0000000015,PHL,2019,98.0,
HIV_0000000015,EUR,2011,21000.0,
HIV_0000000015,TUN,2012,9.0,
HIV_0000000015,PAN,2018,186.0,
HIV_0000000015,IRN,2012,121.0,
HIV_0000000015,BDI,2018,,
HIV_0000000015,MCO,2021,,
HIV_0000000015,ZAF,2022,257171.0,
HIV_0000000015,VNM,2021,1566.0,
HIV_0000000015,BLZ,2021,44.0,
HIV_0000000015,SYC,2011,,
HIV_0000000015,MAR,2017,209.0,
HIV_0000000015,COL,2017,775.0,
HIV_0000000015,VEN,2012,383.0,
HIV_0000000015,BRB,2021,16.0,
HIV_0000000015,ITA,2015,,
HIV_0000000015,CHL,2017,,
HIV_0000000015,SMR,2015,,
HIV_0000000015,GRD,2015,,
HIV_0000000015,SWE,2014,,
HIV_0000000015,GRD,2019,,
HIV_0000000015,SVK,2012,,
HIV_0000000015,ZAF,2019,291341.0,
HIV_0000000015,KHM,2020,597.0,
HIV_0000000015,COG,2014,1187.0,
HIV_0000000015,ETH,2012,15675.0,
HIV_0000000015,MAR,2018,216.0,
HIV_0000000015,FJI,2021,31.0,
HIV_0000000015,HND,2021,138.0,
HIV_0000000015,UZB,2015,524.0,
HIV_0000000015,BRN,2020,,
HIV_0000000015,SMR,2016,,
HIV_0000000015,NOR,2017,,
HIV_0000000015,COL,2019,752.0,
HIV_0000000015,COK,2021,,
HIV_0000000015,HRV,2011,,
HIV_0000000015,BRA,2010,,
HIV_0000000015,UZB,2012,530.0,
HIV_0000000015,BDI,2011,,
HIV_0000000015,CZE,2018,,
HIV_0000000015,TJK,2012,83.0,
HIV_0000000015,BLR,2015,,
HIV_0000000015,CPV,2010,,
HIV_0000000015,UZB,2018,539.0,
HIV_0000000015,SMR,2021,,
HIV_0000000015,SLV,2020,99.0,
HIV_0000000015,TGO,2015,4642.0,
HIV_0000000015,GNQ,2013,1166.0,
HIV_0000000015,MYS,2013,274.0,
HIV_0000000015,UZB,2017,446.0,
HIV_0000000015,BRB,2011,21.0,
HIV_0000000015,BEL,2013,,
HIV_0000000015,GTM,2018,273.0,
HIV_0000000015,PAN,2010,154.0,
HIV_0000000015,CHN,2010,,
HIV_0000000015,SYC,2020,,
HIV_0000000015,LKA,2014,9.0,
HIV_0000000015,MKD,2019,,
HIV_0000000015,SOM,2017,80.0,
HIV_0000000015,ITA,2021,,
HIV_0000000015,BGD,2014,25.0,
HIV_0000000015,NOR,2019,,
HIV_0000000015,MYS,2018,257.0,
HIV_0000000015,AFR,2010,610000.0,
HIV_0000000015,MHL,2013,,
HIV_0000000015,AUS,2013,,
HIV_0000000015,VUT,2010,,
HIV_0000000015,IDN,2010,254.0,
HIV_0000000015,IRL,2017,,
HIV_0000000015,MEX,2014,,
HIV_0000000015,CZE,2016,,
HIV_0000000015,BDI,2016,,
HIV_0000000015,SWE,2015,,
HIV_0000000015,PAN,2014,175.0,
HIV_0000000015,PRK,2016,,
HIV_0000000015,MKD,2014,,
HIV_0000000015,KIR,2019,,
HIV_0000000015,BHR,2022,0.0,
HIV_0000000015,SVK,2018,,
HIV_0000000015,AZE,2010,11.0,
HIV_0000000015,DEU,2019,,
HIV_0000000015,SDN,2020,59.0,
HIV_0000000015,TZA,2022,68243.0,
HIV_0000000015,COM,2014,3.0,
HIV_0000000015,SMR,2010,,
HIV_0000000015,ZMB,2020,50413.0,
HIV_0000000015,UGA,2013,88266.0,
HIV_0000000015,UKR,2019,2315.0,
HIV_0000000015,GMB,2021,739.0,
HIV_0000000015,SVK,2010,,
HIV_0000000015,BHR,2011,0.0,
HIV_0000000015,CHE,2015,,
HIV_0000000015,STP,2020,45.0,
HIV_0000000015,ZWE,2013,54842.0,
HIV_0000000015,GUY,2012,152.0,
HIV_0000000015,NAM,2013,9412.0,
HIV_0000000015,DNK,2013,,
HIV_0000000015,MUS,2011,,
HIV_0000000015,UKR,2018,2543.0,
HIV_0000000015,AZE,2018,56.0,
HIV_0000000015,BEN,2010,846.0,
HIV_0000000015,MLI,2012,3750.0,
HIV_0000000015,SEAR,2014,21000.0,
HIV_0000000015,GEO,2011,27.0,
HIV_0000000015,KOR,2018,,
HIV_0000000015,CUB,2010,67.0,
HIV_0000000015,SRB,2010,,
HIV_0000000015,OMN,2021,50.0,
HIV_0000000015,SVK,2022,,
HIV_0000000015,NOR,2013,,
HIV_0000000015,STP,2019,45.0,
HIV_0000000015,EMR,2016,1000.0,
HIV_0000000015,BHR,2013,0.0,
HIV_0000000015,FRA,2010,,
HIV_0000000015,CAN,2018,,
HIV_0000000015,COM,2017,8.0,
HIV_0000000015,MCO,2010,,
HIV_0000000015,MDA,2015,175.0,
HIV_0000000015,HND,2018,202.0,
HIV_0000000015,CHL,2010,,
HIV_0000000015,IND,2022,,
HIV_0000000015,AFG,2013,5.0,
HIV_0000000015,GRD,2013,,
HIV_0000000015,TCD,2013,4338.0,
HIV_0000000015,SWZ,2017,9202.0,
HIV_0000000015,ROU,2017,,
HIV_0000000015,VCT,2020,,
HIV_0000000015,LBY,2012,0.0,
HIV_0000000015,BTN,2011,14.0,
HIV_0000000015,NPL,2014,162.0,
HIV_0000000015,TZA,2013,74206.0,
HIV_0000000015,MDV,2022,0.0,
HIV_0000000015,SLV,2016,137.0,
HIV_0000000015,LAO,2016,79.0,
HIV_0000000015,AGO,2020,16724.0,
HIV_0000000015,GAB,2018,1904.0,
HIV_0000000015,CRI,2020,73.0,
HIV_0000000015,CYP,2012,,
HIV_0000000015,ESP,2018,,
HIV_0000000015,COL,2022,,
HIV_0000000015,AFR,2022,910000.0,
HIV_0000000015,PAK,2022,347.0,
HIV_0000000015,BWA,2011,9940.0,
HIV_0000000015,CZE,2017,,
HIV_0000000015,SEAR,2022,23000.0,
HIV_0000000015,EGY,2018,59.0,
HIV_0000000015,AFG,2012,1.0,
HIV_0000000015,IRL,2012,,
HIV_0000000015,CYP,2017,,
HIV_0000000015,FRA,2017,,
HIV_0000000015,EUR,2018,26000.0,
HIV_0000000015,SMR,2019,,
HIV_0000000015,SEN,2022,1435.0,
HIV_0000000015,SLV,2022,119.0,
HIV_0000000015,FRA,2011,,
HIV_0000000015,SUR,2022,,
HIV_0000000015,ECU,2011,289.0,
HIV_0000000015,SGP,2021,14.0,
HIV_0000000015,CUB,2018,184.0,
HIV_0000000015,STP,2016,30.0,
HIV_0000000015,COM,2020,3.0,
HIV_0000000015,BHS,2014,73.0,
HIV_0000000015,EST,2022,,
HIV_0000000015,MRT,2010,33.0,
HIV_0000000015,AGO,2013,5668.0,
HIV_0000000015,DMA,2019,,
HIV_0000000015,GNQ,2015,990.0,
HIV_0000000015,PLW,2021,,
HIV_0000000015,KNA,2010,,
HIV_0000000015,NIC,2021,115.0,
HIV_0000000015,CZE,2010,,
HIV_0000000015,THA,2010,8588.0,
HIV_0000000015,VCT,2012,,
HIV_0000000015,SRB,2019,,
HIV_0000000015,MHL,2015,,
HIV_0000000015,STP,2012,39.0,
HIV_0000000015,IDN,2017,1536.0,
HIV_0000000015,TLS,2020,11.0,
HIV_0000000015,LUX,2022,,
HIV_0000000015,TZA,2017,74701.0,
HIV_0000000015,EGY,2020,80.0,
HIV_0000000015,AUT,2018,,
HIV_0000000015,GHA,2016,9680.0,
HIV_0000000015,IND,2016,,
HIV_0000000015,JAM,2017,407.0,
HIV_0000000015,BGD,2012,16.0,
HIV_0000000015,TON,2012,,
HIV_0000000015,CZE,2022,,
HIV_0000000015,ROU,2021,,
HIV_0000000015,NLD,2010,,
HIV_0000000015,ISR,2012,,
HIV_0000000015,LBN,2014,2.0,
HIV_0000000015,MDG,2021,380.0,
HIV_0000000015,EMR,2020,1000.0,
HIV_0000000015,KEN,2017,53067.0,
HIV_0000000015,ATG,2020,,
HIV_0000000015,PNG,2018,963.0,
HIV_0000000015,NER,2014,1529.0,
HIV_0000000015,ZAF,2018,294775.0,
HIV_0000000015,USA,2015,,
HIV_0000000015,ZMB,2021,48249.0,
HIV_0000000015,TGO,2010,2057.0,
HIV_0000000015,TUV,2022,,
HIV_0000000015,MNE,2016,,
HIV_0000000015,CRI,2018,99.0,
HIV_0000000015,RUS,2016,,
HIV_0000000015,MNE,2019,,
HIV_0000000015,STP,2015,40.0,
HIV_0000000015,ERI,2013,364.0,
HIV_0000000015,BRB,2012,24.0,
HIV_0000000015,TUN,2011,9.0,
HIV_0000000015,MMR,2016,4082.0,
HIV_0000000015,SEN,2014,1122.0,
HIV_0000000015,ISR,2020,,
HIV_0000000015,KWT,2020,7.0,
HIV_0000000015,BWA,2014,11047.0,
HIV_0000000015,AFR,2011,740000.0,
HIV_0000000015,NIC,2022,121.0,
HIV_0000000015,GUY,2019,180.0,
HIV_0000000015,NOR,2015,,
HIV_0000000015,IDN,2016,1239.0,
HIV_0000000015,SWZ,2010,8295.0,
HIV_0000000015,ERI,2010,145.0,
HIV_0000000015,KOR,2011,,
HIV_0000000015,AUT,2011,,
HIV_0000000015,BEL,2019,,
HIV_0000000015,MLT,2011,,
HIV_0000000015,BOL,2014,229.0,
HIV_0000000015,ISL,2019,,
HIV_0000000015,BGR,2010,,
HIV_0000000015,DEU,2014,,
HIV_0000000015,GMB,2016,751.0,
HIV_0000000015,WSM,2013,,
HIV_0000000015,UKR,2016,2921.0,
HIV_0000000015,SMR,2022,,
HIV_0000000015,LAO,2020,78.0,
HIV_0000000015,MLT,2012,,
HIV_0000000015,TLS,2015,8.0,
HIV_0000000015,BGD,2013,18.0,
HIV_0000000015,VCT,2015,,
HIV_0000000015,ERI,2011,222.0,
HIV_0000000015,KEN,2021,52407.0,
HIV_0000000015,IND,2014,,
HIV_0000000015,THA,2017,4461.0,
HIV_0000000015,NGA,2019,41714.0,
HIV_0000000015,VUT,2020,,
HIV_0000000015,SLB,2014,,
HIV_0000000015,MLI,2011,3461.0,
HIV_0000000015,TTO,2019,116.0,
HIV_0000000015,BHR,2015,0.0,
HIV_0000000015,SEN,2019,1445.0,
HIV_0000000015,GNB,2020,1160.0,
HIV_0000000015,LVA,2013,,
HIV_0000000015,ATG,2019,,
HIV_0000000015,JPN,2015,,
HIV_0000000015,SUR,2021,88.0,
HIV_0000000015,BEL,2022,,
HIV_0000000015,SLV,2010,98.0,
HIV_0000000015,MDG,2011,106.0,
HIV_0000000015,MNE,2011,,
HIV_0000000015,SSD,2021,4204.0,
HIV_0000000015,SWZ,2018,10299.0,
HIV_0000000015,BHR,2018,0.0,
HIV_0000000015,KGZ,2011,44.0,
HIV_0000000015,SLB,2012,,
HIV_0000000015,CAF,2020,3628.0,
HIV_0000000015,TKM,2014,,
HIV_0000000015,MUS,2019,,
HIV_0000000015,MUS,2014,,
HIV_0000000015,HRV,2012,,
HIV_0000000015,DZA,2021,188.0,
HIV_0000000015,PRK,2022,,
HIV_0000000015,TCD,2017,4776.0,
HIV_0000000015,GRC,2014,,
HIV_0000000015,GAB,2014,1403.0,
HIV_0000000015,CAF,2017,2897.0,
HIV_0000000015,FIN,2021,,
HIV_0000000015,MEX,2016,,
HIV_0000000015,BIH,2022,0.0,
HIV_0000000015,HRV,2013,,
HIV_0000000015,NIU,2012,,
HIV_0000000015,TLS,2011,0.0,
HIV_0000000015,GBR,2019,,
HIV_0000000015,CRI,2016,84.0,
HIV_0000000015,PRY,2020,204.0,
HIV_0000000015,PNG,2011,210.0,
HIV_0000000015,CHN,2017,,
HIV_0000000015,TON,2010,,
HIV_0000000015,ETH,2014,17807.0,
HIV_0000000015,ESP,2022,,
HIV_0000000015,TCD,2014,6086.0,
HIV_0000000015,EGY,2013,38.0,
HIV_0000000015,COL,2012,742.0,
HIV_0000000015,CPV,2020,40.0,
HIV_0000000015,BEN,2011,1115.0,
HIV_0000000015,SEAR,2013,15000.0,
HIV_0000000015,BHS,2013,81.0,
HIV_0000000015,AMR,2021,24000.0,
HIV_0000000015,LSO,2021,6848.0,
HIV_0000000015,WPR,2013,7100.0,
HIV_0000000015,TTO,2021,123.0,
HIV_0000000015,GBR,2020,,
HIV_0000000015,CAF,2021,3959.0,
HIV_0000000015,ISL,2016,,
HIV_0000000015,CPV,2018,85.0,
HIV_0000000015,ARE,2016,0.0,
HIV_0000000015,ITA,2013,,
HIV_0000000015,PHL,2016,43.0,
HIV_0000000015,LBY,2017,53.0,
HIV_0000000015,IRQ,2011,0.0,
HIV_0000000015,NPL,2019,123.0,
HIV_0000000015,GEO,2013,42.0,
HIV_0000000015,CIV,2010,11561.0,
HIV_0000000015,EGY,2021,141.0,
HIV_0000000015,FSM,2010,,
HIV_0000000015,EMR,2010,400.0,
HIV_0000000015,MWI,2020,40275.0,
HIV_0000000015,DMA,2016,,
HIV_0000000015,CMR,2010,13818.0,
HIV_0000000015,NLD,2017,,
HIV_0000000015,NAM,2019,12522.0,
HIV_0000000015,LVA,2012,,
HIV_0000000015,IRQ,2013,0.0,
HIV_0000000015,VUT,2011,,
HIV_0000000015,TLS,2017,16.0,
HIV_0000000015,ARM,2018,46.0,
HIV_0000000015,TGO,2014,4496.0,
HIV_0000000015,NGA,2017,49376.0,
HIV_0000000015,CRI,2011,0.0,
HIV_0000000015,THA,2020,3290.0,
HIV_0000000015,HTI,2019,4893.0,
HIV_0000000015,CHL,2013,,
HIV_0000000015,LKA,2019,16.0,
HIV_0000000015,SEAR,2021,19000.0,
HIV_0000000015,BEN,2014,2099.0,
HIV_0000000015,TGO,2013,4478.0,
HIV_0000000015,DJI,2015,76.0,
HIV_0000000015,NRU,2010,,
HIV_0000000015,CYP,2011,,
HIV_0000000015,COG,2010,622.0,
HIV_0000000015,BRB,2020,13.0,
HIV_0000000015,SOM,2011,25.0,
HIV_0000000015,NIU,2015,,
HIV_0000000015,SLV,2012,162.0,
HIV_0000000015,BIH,2013,2.0,
HIV_0000000015,GAB,2012,1064.0,
HIV_0000000015,MMR,2014,3440.0,
HIV_0000000015,FIN,2014,,
HIV_0000000015,SVN,2015,,
HIV_0000000015,TGO,2021,3568.0,
HIV_0000000015,TZA,2016,66662.0,
HIV_0000000015,MKD,2017,,
HIV_0000000015,BTN,2017,8.0,
HIV_0000000015,AUT,2016,,
HIV_0000000015,GRD,2021,,
HIV_0000000015,MDA,2017,210.0,
HIV_0000000015,AFG,2015,7.0,
HIV_0000000015,PRY,2017,214.0,
HIV_0000000015,KIR,2017,,
HIV_0000000015,JPN,2011,,
HIV_0000000015,MLI,2016,2379.0,
HIV_0000000015,SLE,2011,2338.0,
HIV_0000000015,IDN,2022,1711.0,
HIV_0000000015,LUX,2015,,
HIV_0000000015,MDV,2016,0.0,
HIV_0000000015,LVA,2010,,
HIV_0000000015,KEN,2010,41575.0,
HIV_0000000015,LCA,2015,,
HIV_0000000015,DJI,2018,61.0,
HIV_0000000015,AND,2014,,
HIV_0000000015,POL,2022,,
HIV_0000000015,LCA,2020,,
HIV_0000000015,SGP,2016,19.0,
HIV_0000000015,MLI,2010,2488.0,
HIV_0000000015,GHA,2014,8299.0,
HIV_0000000015,LUX,2012,,
HIV_0000000015,GHA,2010,5845.0,
HIV_0000000015,PRY,2022,211.0,
HIV_0000000015,OMN,2019,35.0,
HIV_0000000015,SMR,2017,,
HIV_0000000015,AUT,2022,,
HIV_0000000015,BIH,2018,0.0,
HIV_0000000015,LKA,2021,16.0,
HIV_0000000015,KGZ,2019,130.0,
HIV_0000000015,NIC,2014,113.0,
HIV_0000000015,UZB,2011,116.0,
HIV_0000000015,EUR,2015,24000.0,
HIV_0000000015,SLB,2022,,
HIV_0000000015,ISR,2014,,
HIV_0000000015,YEM,2018,7.0,
HIV_0000000015,AFG,2021,38.0,
HIV_0000000015,GIN,2017,0.0,
HIV_0000000015,BFA,2016,3265.0,
HIV_0000000015,LBN,2017,3.0,
HIV_0000000015,BEN,2015,4480.0,
HIV_0000000015,MWI,2016,40366.0,
HIV_0000000015,PNG,2020,1015.0,
HIV_0000000015,IRN,2021,159.0,
HIV_0000000015,IRL,2010,,
HIV_0000000015,PRT,2021,,
HIV_0000000015,GLOBAL,2019,1100000.0,
HIV_0000000015,DOM,2014,1072.0,
HIV_0000000015,AGO,2012,3175.0,
HIV_0000000015,DNK,2012,,
HIV_0000000015,BRB,2019,19.0,
HIV_0000000015,GMB,2015,874.0,
HIV_0000000015,MDV,2018,0.0,
HIV_0000000015,HTI,2020,4136.0,
HIV_0000000015,NGA,2016,55192.0,
HIV_0000000015,GAB,2011,839.0,
HIV_0000000015,AUT,2010,,
HIV_0000000015,BLR,2019,,
HIV_0000000015,NIU,2010,,
HIV_0000000015,GRD,2016,,
HIV_0000000015,ALB,2016,,
HIV_0000000015,BOL,2010,133.0,
HIV_0000000015,TLS,2010,0.0,
HIV_0000000015,ESP,2020,,
HIV_0000000015,AGO,2011,2584.0,
HIV_0000000015,SAU,2016,56.0,
HIV_0000000015,ZWE,2014,58667.0,
HIV_0000000015,SRB,2015,,
HIV_0000000015,MLI,2018,2382.0,
HIV_0000000015,WPR,2011,6200.0,
HIV_0000000015,TUN,2017,12.0,
HIV_0000000015,SWZ,2012,10167.0,
HIV_0000000015,GNQ,2010,260.0,
HIV_0000000015,NLD,2013,,
HIV_0000000015,OMN,2020,34.0,
HIV_0000000015,AZE,2011,17.0,
HIV_0000000015,MRT,2013,30.0,
